/*
 Navicat Premium Dump SQL

 Source Server         : DYX
 Source Server Type    : MySQL
 Source Server Version : 80043 (8.0.43)
 Source Host           : localhost:3306
 Source Schema         : java82-asset

 Target Server Type    : MySQL
 Target Server Version : 80043 (8.0.43)
 File Encoding         : 65001

 Date: 14/07/2026 20:39:36
*/

SET NAMES utf8mb4;
SET FOREIGN_KEY_CHECKS = 0;

-- ----------------------------
-- Table structure for asset_audit
-- ----------------------------
DROP TABLE IF EXISTS `asset_audit`;
CREATE TABLE `asset_audit`  (
  `audit_id` bigint NOT NULL AUTO_INCREMENT COMMENT 'иө„дә§е®Ўж ёID',
  `purchase_id` bigint NOT NULL COMMENT 'иө„дә§йҮҮиҙӯID',
  `asset_name` varchar(100) CHARACTER SET utf8mb4 COLLATE utf8mb4_0900_ai_ci NOT NULL COMMENT 'иө„дә§еҗҚз§°',
  `purchase_price` decimal(10, 0) NULL DEFAULT NULL COMMENT 'йҮҮиҙӯд»·',
  `purchase_num` int NULL DEFAULT 0 COMMENT 'йҮҮиҙӯж•°йҮҸ',
  `model` varchar(100) CHARACTER SET utf8mb4 COLLATE utf8mb4_0900_ai_ci NULL DEFAULT NULL COMMENT 'еһӢеҸ·',
  `spec` varchar(100) CHARACTER SET utf8mb4 COLLATE utf8mb4_0900_ai_ci NULL DEFAULT NULL COMMENT 'и§„ж ј',
  `submit_status` char(1) CHARACTER SET utf8mb4 COLLATE utf8mb4_0900_ai_ci NULL DEFAULT '0' COMMENT 'жҸҗдәӨзҠ¶жҖҒ(0жңӘжҸҗдәӨ 1е·ІжҸҗдәӨ)',
  `audit_status` char(1) CHARACTER SET utf8mb4 COLLATE utf8mb4_0900_ai_ci NULL DEFAULT '0' COMMENT 'е®Ўж ёзҠ¶жҖҒ(0жңӘе®Ўж ё 1е®Ўж ёйҖҡиҝҮ 2е®Ўж ёйҖҖеӣһ)',
  `in_status` char(1) CHARACTER SET utf8mb4 COLLATE utf8mb4_0900_ai_ci NULL DEFAULT '0' COMMENT 'е…Ҙеә“зҠ¶жҖҒ(0жңӘе…Ҙеә“ 1е·Іе…Ҙеә“)',
  `create_by` varchar(64) CHARACTER SET utf8mb4 COLLATE utf8mb4_0900_ai_ci NULL DEFAULT '' COMMENT 'еҲӣе»әиҖ…',
  `create_time` datetime NULL DEFAULT NULL COMMENT 'еҲӣе»әж—¶й—ҙ',
  `update_by` varchar(64) CHARACTER SET utf8mb4 COLLATE utf8mb4_0900_ai_ci NULL DEFAULT '' COMMENT 'жӣҙж–°иҖ…',
  `update_time` datetime NULL DEFAULT NULL COMMENT 'жӣҙж–°ж—¶й—ҙ',
  `del_flag` char(1) CHARACTER SET utf8mb4 COLLATE utf8mb4_0900_ai_ci NULL DEFAULT '0' COMMENT 'еҲ йҷӨж Үеҝ—(0жӯЈеёё 2еҲ йҷӨ)',
  `remark` varchar(500) CHARACTER SET utf8mb4 COLLATE utf8mb4_0900_ai_ci NULL DEFAULT NULL COMMENT 'еӨҮжіЁ',
  PRIMARY KEY (`audit_id`) USING BTREE,
  INDEX `idx_purchase_id`(`purchase_id` ASC) USING BTREE,
  INDEX `idx_asset_name`(`asset_name` ASC) USING BTREE,
  INDEX `idx_audit_status`(`audit_status` ASC) USING BTREE,
  INDEX `idx_del_flag`(`del_flag` ASC) USING BTREE
) ENGINE = InnoDB AUTO_INCREMENT = 16 CHARACTER SET = utf8mb4 COLLATE = utf8mb4_0900_ai_ci COMMENT = 'иө„дә§е®Ўж ёиЎЁ' ROW_FORMAT = Dynamic;

-- ----------------------------
-- Records of asset_audit
-- ----------------------------
INSERT INTO `asset_audit` VALUES (4, 1, 'зүӣй©¬зүҢз©әи°ғ', 2000, 1, 'еҘҘе…Ӣж–Ҝ', 'й«ҳжҖ§иғҪ', '1', '1', '0', '', '2026-07-08 10:14:48', '', NULL, '0', 'еҫ…е…Ҙеә“');
INSERT INTO `asset_audit` VALUES (5, 2, 'зүӣй©¬зүҢз”өи„‘жЎҢ', 60, 5, 'з»Ҹе…ёAж¬ҫ', 'ж ҮеҮҶж¬ҫ', '1', '1', '0', '', '2026-07-08 10:14:48', '', NULL, '0', 'е·Іе…ЁйғЁе…Ҙеә“');
INSERT INTO `asset_audit` VALUES (7, 3, 'зүӣй©¬зүҢеҸ°ејҸз”өи„‘', 3200, 3, 'иҒ”жғіжү¬еӨ©', '8G+512G', '1', '1', '0', '', '2026-07-08 15:48:00', '', NULL, '0', 'е®Ўж ёйҖҖеӣһпјҢйҮҚж–°жҸҗдәӨ');
INSERT INTO `asset_audit` VALUES (8, 4, 'зүӣй©¬зүҢжү“еҚ°зәё', 19, 20, 'жҷЁе…үйҖҡз”Ё', 'A4', '1', '2', '0', '', '2026-07-08 15:48:30', '', NULL, '0', 'жңӘжҸҗдәӨе®Ўж ё');
INSERT INTO `asset_audit` VALUES (9, 4, 'зүӣй©¬зүҢжү“еҚ°зәё', 19, 20, 'жҷЁе…үйҖҡз”Ё', 'A4', '1', '1', '0', '', '2026-07-08 16:05:56', '', NULL, '0', 'жңӘжҸҗдәӨе®Ўж ё');
INSERT INTO `asset_audit` VALUES (10, 7, 'зүӣй©¬зүҢз©әи°ғ', 2000, 100, 'еҘҘе…Ӣж–Ҝ', 'й«ҳжҖ§иғҪ', '1', '0', '0', '', '2026-07-08 16:25:42', '', NULL, '0', NULL);
INSERT INTO `asset_audit` VALUES (11, 1, 'зүӣй©¬зүҢз©әи°ғ', 2000, 1, 'еҘҘе…Ӣж–Ҝ', 'й«ҳжҖ§иғҪ', '1', '2', '0', '', '2026-07-08 21:16:01', '', NULL, '0', 'еҫ…е…Ҙеә“');
INSERT INTO `asset_audit` VALUES (12, 2, 'зүӣй©¬зүҢз”өи„‘жЎҢ', 60, 5, 'з»Ҹе…ёAж¬ҫ', 'ж ҮеҮҶж¬ҫ', '1', '0', '0', '', '2026-07-08 21:16:01', '', NULL, '0', 'е·Іе…ЁйғЁе…Ҙеә“');
INSERT INTO `asset_audit` VALUES (13, 9, 'зүӣй©¬зүҢжү“еҚ°зәё', 19, 10, 'жҷЁе…үйҖҡз”Ё', 'A4', '1', '1', '0', '', '2026-07-14 01:08:57', '', NULL, '0', NULL);
INSERT INTO `asset_audit` VALUES (14, 10, 'зүӣй©¬зүҢз©әи°ғ', 2000, 5, 'еҘҘе…Ӣж–Ҝ', 'й«ҳжҖ§иғҪ', '1', '2', '0', '', '2026-07-14 01:11:09', '', NULL, '0', NULL);
INSERT INTO `asset_audit` VALUES (15, 11, 'еҚҺзЎ•еӨ©йҖү4', 5000, 6, 'еҚҺзЎ•еӨ©йҖү4', '8G+512G', '1', '1', '0', '', '2026-07-14 17:38:29', '', NULL, '0', NULL);

-- ----------------------------
-- Table structure for asset_category
-- ----------------------------
DROP TABLE IF EXISTS `asset_category`;
CREATE TABLE `asset_category`  (
  `category_id` bigint NOT NULL AUTO_INCREMENT COMMENT 'дё»й”®ID',
  `category_code` varchar(64) CHARACTER SET utf8mb4 COLLATE utf8mb4_0900_ai_ci NOT NULL COMMENT 'е“Ғзұ»зј–з Ғ',
  `category_name` varchar(100) CHARACTER SET utf8mb4 COLLATE utf8mb4_0900_ai_ci NOT NULL COMMENT 'е“Ғзұ»еҗҚз§°',
  `spec` varchar(100) CHARACTER SET utf8mb4 COLLATE utf8mb4_0900_ai_ci NULL DEFAULT NULL COMMENT 'и§„ж ј',
  `model` varchar(100) CHARACTER SET utf8mb4 COLLATE utf8mb4_0900_ai_ci NULL DEFAULT NULL COMMENT 'еһӢеҸ·',
  `material` varchar(100) CHARACTER SET utf8mb4 COLLATE utf8mb4_0900_ai_ci NULL DEFAULT NULL COMMENT 'жқҗиҙЁ',
  `size` varchar(100) CHARACTER SET utf8mb4 COLLATE utf8mb4_0900_ai_ci NULL DEFAULT NULL COMMENT 'е°әеҜё',
  `size_unit_id` varchar(100) CHARACTER SET utf8mb4 COLLATE utf8mb4_0900_ai_ci NULL DEFAULT NULL COMMENT 'е°әеҜёеҚ•дҪҚID',
  `measure_unit_id` varchar(100) CHARACTER SET utf8mb4 COLLATE utf8mb4_0900_ai_ci NULL DEFAULT NULL COMMENT 'и®ЎйҮҸеҚ•дҪҚID',
  `use_range` varchar(200) CHARACTER SET utf8mb4 COLLATE utf8mb4_0900_ai_ci NULL DEFAULT NULL COMMENT 'дҪҝз”ЁиҢғеӣҙ',
  `warehouse_id` bigint NULL DEFAULT NULL COMMENT 'й»ҳи®Өд»“еә“ID',
  `purchase_price` decimal(12, 2) NULL DEFAULT 0.00 COMMENT 'йҮҮиҙӯд»·',
  `sale_price` decimal(12, 2) NULL DEFAULT 0.00 COMMENT 'й”Җе”®д»·',
  `supplier_id` bigint NULL DEFAULT NULL COMMENT 'дҫӣеә”е•ҶID',
  `image_url` varchar(500) CHARACTER SET utf8mb4 COLLATE utf8mb4_0900_ai_ci NULL DEFAULT NULL COMMENT 'зү©ж–ҷеӣҫзүҮй“ҫжҺҘ',
  `status` char(1) CHARACTER SET utf8mb4 COLLATE utf8mb4_0900_ai_ci NULL DEFAULT '0' COMMENT 'зҠ¶жҖҒ(0жӯЈеёё 1еҒңз”Ё)',
  `create_by` varchar(64) CHARACTER SET utf8mb4 COLLATE utf8mb4_0900_ai_ci NULL DEFAULT '' COMMENT 'еҲӣе»әиҖ…',
  `create_time` datetime NULL DEFAULT NULL COMMENT 'еҲӣе»әж—¶й—ҙ',
  `update_by` varchar(64) CHARACTER SET utf8mb4 COLLATE utf8mb4_0900_ai_ci NULL DEFAULT '' COMMENT 'жӣҙж–°иҖ…',
  `update_time` datetime NULL DEFAULT NULL COMMENT 'жӣҙж–°ж—¶й—ҙ',
  `del_flag` char(1) CHARACTER SET utf8mb4 COLLATE utf8mb4_0900_ai_ci NULL DEFAULT '0' COMMENT 'еҲ йҷӨж Үеҝ—(0жӯЈеёё 2еҲ йҷӨ)',
  `remark` varchar(500) CHARACTER SET utf8mb4 COLLATE utf8mb4_0900_ai_ci NULL DEFAULT NULL COMMENT 'еӨҮжіЁ',
  PRIMARY KEY (`category_id`) USING BTREE,
  INDEX `idx_category_code`(`category_code` ASC) USING BTREE,
  INDEX `idx_unit_id`(`measure_unit_id` ASC) USING BTREE,
  INDEX `idx_supplier_id`(`supplier_id` ASC) USING BTREE,
  INDEX `idx_warehouse_id`(`warehouse_id` ASC) USING BTREE,
  INDEX `idx_del_flag`(`del_flag` ASC) USING BTREE
) ENGINE = InnoDB AUTO_INCREMENT = 15 CHARACTER SET = utf8mb4 COLLATE = utf8mb4_0900_ai_ci COMMENT = 'иө„дә§е“Ғзұ»иЎЁ' ROW_FORMAT = Dynamic;

-- ----------------------------
-- Records of asset_category
-- ----------------------------
INSERT INTO `asset_category` VALUES (1, 'CP001', 'з©әи°ғ', 'й«ҳжҖ§иғҪ', 'еҘҘе…Ӣж–Ҝ', 'йҮ‘еұһеЎ‘ж–ҷ', '100', '27', '3', 'еҠһе…¬еҢәеҹҹ', 2, 2000.00, 2000.00, 1, '', '0', 'admin', '2023-01-15 10:00:00', 'admin', '2026-06-28 11:35:40', '0', 'еҠһе…¬еҲ¶еҶ·и®ҫеӨҮ');
INSERT INTO `asset_category` VALUES (2, 'CP002', 'з”өи„‘жЎҢ', 'ж ҮеҮҶж¬ҫ', 'з»Ҹе…ёAж¬ҫ', 'е®һжңЁ', '1.8', '27', '2', 'ж•ҷеёҲеҠһе…¬е®Ө', 1, 60.00, 80.00, 2, '', '0', 'admin', '2023-01-16 11:20:00', 'admin', '2023-01-16 11:20:00', '0', 'еҠһе…¬жЎҢжӨ…');
INSERT INTO `asset_category` VALUES (3, 'CP003', 'еҸ°ејҸз”өи„‘', '8G+512G', 'иҒ”жғіжү¬еӨ©', 'йҮ‘еұһ', '50', '27', '3', 'жңәжҲҝеҠһе…¬', 2, 3200.00, 3500.00, 4, '', '0', 'admin', '2023-02-02 09:30:00', 'admin', '2023-02-02 09:30:00', '0', 'ж•ҷеӯҰз”өи„‘');
INSERT INTO `asset_category` VALUES (4, 'CP004', 'жү“еҚ°зәё', 'A4', 'жҷЁе…үйҖҡз”Ё', 'жңЁжөҶ', '30', '27', '1', 'е…Ёж ЎеҢә', 3, 18.50, 22.00, 3, '', '0', 'zhangsan', '2023-03-05 15:10:00', 'zhangsan', '2023-03-05 15:10:00', '0', 'еҠһе…¬иҖ—жқҗ');
INSERT INTO `asset_category` VALUES (11, 'a42a94975513415987850b736cdffc79', 'зүӣй©¬зүҢж°ҙжқҜ', NULL, NULL, NULL, '20', '27', '1', NULL, NULL, 0.00, 0.00, 1, '/profile/upload/2026/06/23/зүӣй©¬_20260623183343A005.jpg', '0', 'admin', '2026-06-23 18:33:57', 'admin', '2026-06-23 18:33:57', '0', NULL);
INSERT INTO `asset_category` VALUES (14, '27f8813c5d00455b9e3a748ef4a27a14', 'з¬”и®°жң¬з”өи„‘', '8G+512G', 'еҚҺзЎ•еӨ©йҖү4', 'еЎ‘ж–ҷпјҢйҮ‘еұһ', '40', '27', '3', 'еӯҰд№ пјҢеЁұд№җ', 1, 5000.00, 6500.00, 1, '/profile/upload/2026/06/28/зӢ—еҸ«ејҹ_20260628162505A001.jpg', '0', 'admin', '2026-06-28 16:25:10', 'admin', '2026-06-28 16:25:10', '0', NULL);

-- ----------------------------
-- Table structure for asset_detail
-- ----------------------------
DROP TABLE IF EXISTS `asset_detail`;
CREATE TABLE `asset_detail`  (
  `detail_id` bigint NOT NULL AUTO_INCREMENT COMMENT 'иө„дә§жҳҺз»ҶID',
  `purchase_id` bigint NULL DEFAULT NULL COMMENT 'иө„дә§йҮҮиҙӯID',
  `asset_name` varchar(100) CHARACTER SET utf8mb4 COLLATE utf8mb4_0900_ai_ci NULL DEFAULT NULL COMMENT 'иө„дә§еҗҚз§°',
  `category_id` bigint NULL DEFAULT NULL COMMENT 'е“Ғзұ»Id',
  `warehouse_id` bigint NULL DEFAULT NULL COMMENT 'д»“еә“Id',
  `purchase_price` decimal(12, 2) NULL DEFAULT 0.00 COMMENT 'йҮҮиҙӯеҚ•д»·',
  `purchase_date` date NULL DEFAULT NULL COMMENT 'йҮҮиҙӯе…Ҙеә“ж—Ҙжңҹ',
  `measure_unit_id` bigint NULL DEFAULT NULL COMMENT 'и®ЎйҮҸеҚ•дҪҚId',
  `out_status` char(1) CHARACTER SET utf8mb4 COLLATE utf8mb4_0900_ai_ci NULL DEFAULT '0' COMMENT 'еҮәеә“зҠ¶жҖҒ (0жңӘеҮәеә“ 1е·ІеҮәеә“)',
  `asset_status` char(1) CHARACTER SET utf8mb4 COLLATE utf8mb4_0900_ai_ci NULL DEFAULT '0' COMMENT 'иө„дә§зҠ¶жҖҒ (0жӯЈеёё 1жҠҘдҝ® 2жҠҘеәҹ)',
  `receive_user_id` bigint NULL DEFAULT NULL COMMENT 'йўҶз”ЁдәәID',
  `receive_user_name` varchar(64) CHARACTER SET utf8mb4 COLLATE utf8mb4_0900_ai_ci NULL DEFAULT '' COMMENT 'йўҶз”ЁдәәеҗҚз§°',
  `remark` varchar(500) CHARACTER SET utf8mb4 COLLATE utf8mb4_0900_ai_ci NULL DEFAULT '' COMMENT 'иө„дә§еӨҮжіЁ',
  `create_by` varchar(64) CHARACTER SET utf8mb4 COLLATE utf8mb4_0900_ai_ci NULL DEFAULT '' COMMENT 'еҲӣе»әиҖ…',
  `create_time` datetime NULL DEFAULT NULL COMMENT 'еҲӣе»әж—¶й—ҙ',
  `del_flag` char(1) CHARACTER SET utf8mb4 COLLATE utf8mb4_0900_ai_ci NULL DEFAULT '0' COMMENT 'еҲ йҷӨж Үеҝ— 0еӯҳеңЁ 1еҲ йҷӨ',
  PRIMARY KEY (`detail_id`) USING BTREE,
  INDEX `idx_purchase_id`(`purchase_id` ASC) USING BTREE,
  INDEX `idx_del_flag`(`del_flag` ASC) USING BTREE
) ENGINE = InnoDB AUTO_INCREMENT = 10 CHARACTER SET = utf8mb4 COLLATE = utf8mb4_0900_ai_ci COMMENT = 'иө„дә§жҳҺз»ҶиЎЁ(е…Ҙеә“еҗҺиө„дә§еҸ°иҙҰ)' ROW_FORMAT = Dynamic;

-- ----------------------------
-- Records of asset_detail
-- ----------------------------
INSERT INTO `asset_detail` VALUES (4, 11, 'еҚҺзЎ•еӨ©йҖү4', 14, 2, 5000.00, '2026-07-13', 3, '1', '0', 2, 'йӮ“ж°ёй‘«', '', 'niuma', '2026-07-14 17:39:08', '0');
INSERT INTO `asset_detail` VALUES (5, 11, 'еҚҺзЎ•еӨ©йҖү4', 14, 2, 5000.00, '2026-07-13', 3, '1', '0', 102, 'зүӣй©¬', '', 'niuma', '2026-07-14 17:39:08', '0');
INSERT INTO `asset_detail` VALUES (7, 9, 'зүӣй©¬зүҢжү“еҚ°зәё', 4, 7, 18.50, '2026-07-13', 1, '0', '2', NULL, '', '', 'dyx', '2026-07-14 19:49:46', '0');
INSERT INTO `asset_detail` VALUES (8, 9, 'зүӣй©¬зүҢжү“еҚ°зәё', 4, 7, 18.50, '2026-07-13', 1, '0', '0', NULL, '', '', 'dyx', '2026-07-14 19:49:46', '0');
INSERT INTO `asset_detail` VALUES (9, 9, 'зүӣй©¬зүҢжү“еҚ°зәё', 4, 7, 18.50, '2026-07-13', 1, '0', '0', NULL, '', '', 'dyx', '2026-07-14 19:49:46', '0');

-- ----------------------------
-- Table structure for asset_purchase
-- ----------------------------
DROP TABLE IF EXISTS `asset_purchase`;
CREATE TABLE `asset_purchase`  (
  `purchase_id` bigint NOT NULL AUTO_INCREMENT COMMENT 'йҮҮиҙӯID',
  `asset_name` varchar(255) CHARACTER SET utf8mb4 COLLATE utf8mb4_0900_ai_ci NOT NULL COMMENT 'иө„дә§еҗҚз§°',
  `purchase_user_id` bigint NULL DEFAULT NULL COMMENT 'йҮҮиҙӯдәәID',
  `purchase_user_name` varchar(64) CHARACTER SET utf8mb4 COLLATE utf8mb4_0900_ai_ci NULL DEFAULT NULL COMMENT 'йҮҮиҙӯдәәеҗҚз§°',
  `category_id` bigint NOT NULL COMMENT 'иө„дә§е“Ғзұ»ID',
  `spec` varchar(100) CHARACTER SET utf8mb4 COLLATE utf8mb4_0900_ai_ci NULL DEFAULT NULL COMMENT 'и§„ж ј',
  `model` varchar(100) CHARACTER SET utf8mb4 COLLATE utf8mb4_0900_ai_ci NULL DEFAULT NULL COMMENT 'еһӢеҸ·',
  `size` varchar(100) CHARACTER SET utf8mb4 COLLATE utf8mb4_0900_ai_ci NULL DEFAULT NULL COMMENT 'е°әеҜё',
  `material` varchar(100) CHARACTER SET utf8mb4 COLLATE utf8mb4_0900_ai_ci NULL DEFAULT NULL COMMENT 'жқҗиҙЁ',
  `use_range` varchar(200) CHARACTER SET utf8mb4 COLLATE utf8mb4_0900_ai_ci NULL DEFAULT NULL COMMENT 'дҪҝз”ЁиҢғеӣҙ',
  `warehouse_id` bigint NULL DEFAULT NULL COMMENT 'й»ҳи®Өд»“еә“ID',
  `purchase_price` decimal(12, 2) NULL DEFAULT 0.00 COMMENT 'йҮҮиҙӯд»·',
  `sale_price` decimal(12, 2) NULL DEFAULT 0.00 COMMENT 'й”Җе”®д»·',
  `supplier_id` bigint NULL DEFAULT NULL COMMENT 'дҫӣеә”е•ҶID',
  `size_unit_id` bigint NULL DEFAULT NULL COMMENT 'е°әеҜёеҚ•дҪҚID',
  `measure_unit_id` bigint NULL DEFAULT NULL COMMENT 'и®ЎйҮҸеҚ•дҪҚID',
  `purchase_num` int NULL DEFAULT 0 COMMENT 'йҮҮиҙӯж•°йҮҸ',
  `can_in_num` int NULL DEFAULT 0 COMMENT 'еҸҜе…Ҙеә“ж•°йҮҸ',
  `purchase_reason` varchar(500) CHARACTER SET utf8mb4 COLLATE utf8mb4_0900_ai_ci NULL DEFAULT NULL COMMENT 'йҮҮиҙӯеҺҹеӣ ',
  `submit_status` char(1) CHARACTER SET utf8mb4 COLLATE utf8mb4_0900_ai_ci NULL DEFAULT '0' COMMENT 'жҸҗдәӨзҠ¶жҖҒ(0жңӘжҸҗдәӨ 1е·ІжҸҗдәӨ)',
  `audit_status` char(1) CHARACTER SET utf8mb4 COLLATE utf8mb4_0900_ai_ci NULL DEFAULT '0' COMMENT 'е®Ўж ёзҠ¶жҖҒ(0жңӘе®Ўж ё 1е®Ўж ёйҖҡиҝҮ 2е®Ўж ёйҖҖеӣһ)',
  `in_status` char(1) CHARACTER SET utf8mb4 COLLATE utf8mb4_0900_ai_ci NULL DEFAULT '0' COMMENT 'е…Ҙеә“зҠ¶жҖҒ(0жңӘе…Ҙеә“ 1е·Іе…Ҙеә“)',
  `create_by` varchar(64) CHARACTER SET utf8mb4 COLLATE utf8mb4_0900_ai_ci NULL DEFAULT '' COMMENT 'еҲӣе»әиҖ…',
  `create_time` datetime NULL DEFAULT NULL COMMENT 'еҲӣе»әж—¶й—ҙ',
  `update_by` varchar(64) CHARACTER SET utf8mb4 COLLATE utf8mb4_0900_ai_ci NULL DEFAULT '' COMMENT 'жӣҙж–°иҖ…',
  `update_time` datetime NULL DEFAULT NULL COMMENT 'жӣҙж–°ж—¶й—ҙ',
  `del_flag` char(1) CHARACTER SET utf8mb4 COLLATE utf8mb4_0900_ai_ci NULL DEFAULT '0' COMMENT 'еҲ йҷӨж Үеҝ—(0жӯЈеёё 2еҲ йҷӨ)',
  `remark` varchar(500) CHARACTER SET utf8mb4 COLLATE utf8mb4_bg_0900_ai_ci NULL DEFAULT NULL COMMENT 'еӨҮжіЁ',
  PRIMARY KEY (`purchase_id`, `asset_name`, `category_id`) USING BTREE,
  INDEX `idx_category_id`(`category_id` ASC) USING BTREE,
  INDEX `idx_supplier_id`(`supplier_id` ASC) USING BTREE,
  INDEX `idx_del_flag`(`del_flag` ASC) USING BTREE
) ENGINE = InnoDB AUTO_INCREMENT = 12 CHARACTER SET = utf8mb4 COLLATE = utf8mb4_0900_ai_ci COMMENT = 'иө„дә§йҮҮиҙӯиЎЁ' ROW_FORMAT = Dynamic;

-- ----------------------------
-- Records of asset_purchase
-- ----------------------------
INSERT INTO `asset_purchase` VALUES (1, 'зүӣй©¬зүҢз©әи°ғ', NULL, 'admin', 1, 'й«ҳжҖ§иғҪ', 'еҘҘе…Ӣж–Ҝ', 'дёӯзӯү', 'йҮ‘еұһеЎ‘ж–ҷ', 'еҠһе…¬еҢәеҹҹ', 2, 2000.00, 2000.00, 1, 27, 3, 1, 1, 'еҠһе…¬е®Өж–°еўһи®ҫеӨҮйҮҮиҙӯ', '1', '2', '0', 'admin', '2023-05-18 09:20:00', 'admin', '2026-06-28 20:18:38', '0', 'еҫ…е…Ҙеә“');
INSERT INTO `asset_purchase` VALUES (2, 'зүӣй©¬зүҢз”өи„‘жЎҢ', NULL, 'admin', 2, 'ж ҮеҮҶж¬ҫ', 'з»Ҹе…ёAж¬ҫ', 'еёёи§„', 'е®һжңЁ', 'ж•ҷеёҲеҠһе…¬е®Ө', 1, 60.00, 80.00, 2, 27, 2, 5, 5, 'еҠһе…¬жЎҢжӨ…иЎҘе……йҮҮиҙӯ', '1', '1', '0', 'admin', '2023-05-18 10:10:00', 'admin', '2026-07-13 23:56:32', '0', 'е·Іе…ЁйғЁе…Ҙеә“');
INSERT INTO `asset_purchase` VALUES (5, 'з”өи„‘жЎҢ', NULL, 'admin', 2, 'ж ҮеҮҶж¬ҫ', 'з»Ҹе…ёAж¬ҫ', '1.8', 'е®һжңЁ', 'ж•ҷеёҲеҠһе…¬е®Ө', 1, 60.00, 80.00, 8, 27, 2, 200, 198, NULL, '0', '0', '0', 'admin', '2026-06-28 19:37:38', 'admin', '2026-07-08 22:17:50', '2', NULL);
INSERT INTO `asset_purchase` VALUES (6, 'з¬”и®°жң¬з”өи„‘', NULL, 'admin', 11, 'ж ҮеҮҶж¬ҫ', 'еҚҺзЎ•еӨ©йҖү4', '20', 'йҮ‘еұһ', NULL, 4, 5000.00, 6000.00, 1, 27, 3, 20, 20, NULL, '0', '0', '0', 'admin', '2026-06-28 19:39:48', 'admin', '2026-06-28 19:39:48', '2', NULL);
INSERT INTO `asset_purchase` VALUES (7, 'зүӣй©¬зүҢз©әи°ғ', NULL, 'admin', 1, 'й«ҳжҖ§иғҪ', 'еҘҘе…Ӣж–Ҝ', '100', 'йҮ‘еұһеЎ‘ж–ҷ', 'еҠһе…¬еҢәеҹҹ', 2, 2000.00, 2000.00, 1, 27, 3, 100, 100, NULL, '1', '0', '0', 'admin', '2026-06-28 20:02:17', 'admin', '2026-06-28 20:02:17', '0', NULL);
INSERT INTO `asset_purchase` VALUES (9, 'зүӣй©¬зүҢжү“еҚ°зәё', 2, 'dyx', 4, 'A4', 'жҷЁе…үйҖҡз”Ё', '30', 'жңЁжөҶ', 'е…Ёж ЎеҢә', 3, 18.50, 22.00, 8, 27, 1, 10, 4, NULL, '1', '1', '0', 'dyx', '2026-07-14 01:06:21', 'dyx', '2026-07-14 19:49:46', '0', NULL);
INSERT INTO `asset_purchase` VALUES (10, 'зүӣй©¬зүҢз©әи°ғ', 2, 'dyx', 1, 'й«ҳжҖ§иғҪ', 'еҘҘе…Ӣж–Ҝ', '100', 'йҮ‘еұһеЎ‘ж–ҷ', 'еҠһе…¬еҢәеҹҹ', 2, 2000.00, 2000.00, 1, 27, 3, 5, 5, NULL, '1', '2', '0', 'dyx', '2026-07-14 01:11:03', 'dyx', '2026-07-14 01:11:03', '0', NULL);
INSERT INTO `asset_purchase` VALUES (11, 'еҚҺзЎ•еӨ©йҖү4', 102, 'niuma', 14, '8G+512G', 'еҚҺзЎ•еӨ©йҖү4', '40', 'еЎ‘ж–ҷпјҢйҮ‘еұһ', 'еӯҰд№ пјҢеЁұд№җ', 1, 5000.00, 6500.00, 1, 27, 3, 6, 3, NULL, '1', '1', '0', 'niuma', '2026-07-14 17:38:16', 'niuma', '2026-07-14 17:39:08', '0', NULL);

-- ----------------------------
-- Table structure for asset_repair
-- ----------------------------
DROP TABLE IF EXISTS `asset_repair`;
CREATE TABLE `asset_repair`  (
  `repair_id` bigint NOT NULL AUTO_INCREMENT COMMENT 'жҠҘдҝ®ID',
  `detail_id` bigint NOT NULL COMMENT 'е…іиҒ”иө„дә§жҳҺз»ҶID',
  `asset_name` varchar(100) CHARACTER SET utf8mb4 COLLATE utf8mb4_0900_ai_ci NOT NULL COMMENT 'иө„дә§еҗҚз§°',
  `category_id` bigint NULL DEFAULT NULL COMMENT 'иө„дә§еҲҶзұ»ID',
  `warehouse_id` bigint NULL DEFAULT NULL COMMENT 'иө„дә§д»“еә“ID',
  `repair_user_id` varchar(64) CHARACTER SET utf8mb4 COLLATE utf8mb4_0900_ai_ci NULL DEFAULT NULL COMMENT 'жҠҘдҝ®дәәID',
  `repair_user` varchar(64) CHARACTER SET utf8mb4 COLLATE utf8mb4_0900_ai_ci NULL DEFAULT NULL COMMENT 'жҠҘдҝ®дәә',
  `repair_status` varchar(1) CHARACTER SET utf8mb4 COLLATE utf8mb4_0900_ai_ci NULL DEFAULT '0' COMMENT 'з»ҙдҝ®зҠ¶жҖҒпјҲ0жңӘдҝ® 1е·Ідҝ®еҘҪ 2жҠҘеәҹпјү',
  `create_by` varchar(64) CHARACTER SET utf8mb4 COLLATE utf8mb4_0900_ai_ci NULL DEFAULT '' COMMENT 'еҲӣе»әиҖ…',
  `create_time` datetime NULL DEFAULT NULL COMMENT 'еҲӣе»әж—¶й—ҙ',
  `update_by` varchar(64) CHARACTER SET utf8mb4 COLLATE utf8mb4_0900_ai_ci NULL DEFAULT '' COMMENT 'жӣҙж–°иҖ…',
  `update_time` datetime NULL DEFAULT NULL COMMENT 'жӣҙж–°ж—¶й—ҙ',
  `del_flag` char(1) CHARACTER SET utf8mb4 COLLATE utf8mb4_0900_ai_ci NULL DEFAULT '0' COMMENT 'еҲ йҷӨж Үеҝ—(0жӯЈеёё 2еҲ йҷӨ)',
  `remark` varchar(500) CHARACTER SET utf8mb4 COLLATE utf8mb4_0900_ai_ci NULL DEFAULT NULL COMMENT 'еӨҮжіЁ',
  PRIMARY KEY (`repair_id`) USING BTREE,
  INDEX `idx_asset_detail_id`(`detail_id` ASC) USING BTREE,
  INDEX `idx_asset_name`(`asset_name` ASC) USING BTREE,
  INDEX `idx_del_flag`(`del_flag` ASC) USING BTREE
) ENGINE = InnoDB AUTO_INCREMENT = 18 CHARACTER SET = utf8mb4 COLLATE = utf8mb4_0900_ai_ci COMMENT = 'иө„дә§жҠҘдҝ®иЎЁ' ROW_FORMAT = Dynamic;

-- ----------------------------
-- Records of asset_repair
-- ----------------------------
INSERT INTO `asset_repair` VALUES (9, 23, 'зүӣй©¬зүҢжү“еҚ°зәё', 4, 1, '1', 'admin', '0', 'admin', '2026-07-09 15:26:53', 'admin', '2026-07-09 15:26:53', '0', NULL);
INSERT INTO `asset_repair` VALUES (12, 24, 'зүӣй©¬зүҢжү“еҚ°зәё', 4, 1, '2', 'dyx', '1', 'dyx', '2026-07-13 23:59:16', 'dyx', '2026-07-13 23:59:16', '0', NULL);
INSERT INTO `asset_repair` VALUES (13, 1, 'зүӣй©¬зүҢжү“еҚ°зәё', 4, 2, '1', 'admin', '2', 'admin', '2026-07-14 01:26:49', 'admin', '2026-07-14 01:26:49', '0', NULL);
INSERT INTO `asset_repair` VALUES (14, 3, 'зүӣй©¬зүҢжү“еҚ°зәё', 4, 2, '102', 'niuma', '2', 'niuma', '2026-07-14 17:23:25', 'niuma', '2026-07-14 17:23:25', '0', NULL);
INSERT INTO `asset_repair` VALUES (16, 5, 'еҚҺзЎ•еӨ©йҖү4', 14, 2, '1', 'admin', '1', 'admin', '2026-07-14 19:45:49', 'admin', '2026-07-14 19:45:49', '0', NULL);
INSERT INTO `asset_repair` VALUES (17, 7, 'зүӣй©¬зүҢжү“еҚ°зәё', 4, 7, '2', 'dyx', '2', 'dyx', '2026-07-14 19:49:55', 'dyx', '2026-07-14 19:49:55', '0', NULL);

-- ----------------------------
-- Table structure for asset_supplier
-- ----------------------------
DROP TABLE IF EXISTS `asset_supplier`;
CREATE TABLE `asset_supplier`  (
  `supplier_id` bigint NOT NULL AUTO_INCREMENT COMMENT 'дё»й”®ID',
  `supplier_name` varchar(100) CHARACTER SET utf8mb4 COLLATE utf8mb4_0900_ai_ci NOT NULL COMMENT 'дҫӣеә”е•ҶеҗҚз§°',
  `supplier_type` varchar(50) CHARACTER SET utf8mb4 COLLATE utf8mb4_0900_ai_ci NULL DEFAULT NULL COMMENT 'дҫӣеә”е•Ҷзұ»еһӢ',
  `address` varchar(200) CHARACTER SET utf8mb4 COLLATE utf8mb4_0900_ai_ci NULL DEFAULT NULL COMMENT 'ең°еқҖ',
  `phone` varchar(32) CHARACTER SET utf8mb4 COLLATE utf8mb4_0900_ai_ci NULL DEFAULT NULL COMMENT 'иҒ”зі»з”өиҜқ',
  `link_url` varchar(500) CHARACTER SET utf8mb4 COLLATE utf8mb4_0900_ai_ci NULL DEFAULT NULL COMMENT 'й“ҫжҺҘең°еқҖ',
  `status` char(1) CHARACTER SET utf8mb4 COLLATE utf8mb4_0900_ai_ci NULL DEFAULT '0' COMMENT 'зҠ¶жҖҒ(0жӯЈеёё 1еҒңз”Ё)',
  `create_by` varchar(64) CHARACTER SET utf8mb4 COLLATE utf8mb4_0900_ai_ci NULL DEFAULT '' COMMENT 'еҲӣе»әиҖ…',
  `create_time` datetime NULL DEFAULT NULL COMMENT 'еҲӣе»әж—¶й—ҙ',
  `update_by` varchar(64) CHARACTER SET utf8mb4 COLLATE utf8mb4_0900_ai_ci NULL DEFAULT '' COMMENT 'жӣҙж–°иҖ…',
  `update_time` datetime NULL DEFAULT NULL COMMENT 'жӣҙж–°ж—¶й—ҙ',
  `del_flag` char(1) CHARACTER SET utf8mb4 COLLATE utf8mb4_0900_ai_ci NULL DEFAULT '0' COMMENT 'еҲ йҷӨж Үеҝ—(0жӯЈеёё 2еҲ йҷӨ)',
  `remark` varchar(500) CHARACTER SET utf8mb4 COLLATE utf8mb4_0900_ai_ci NULL DEFAULT NULL COMMENT 'еӨҮжіЁ',
  PRIMARY KEY (`supplier_id`) USING BTREE,
  INDEX `idx_supplier_name`(`supplier_name` ASC) USING BTREE,
  INDEX `idx_del_flag`(`del_flag` ASC) USING BTREE
) ENGINE = InnoDB AUTO_INCREMENT = 9 CHARACTER SET = utf8mb4 COLLATE = utf8mb4_0900_ai_ci COMMENT = 'иө„дә§дҫӣеә”е•ҶиЎЁ' ROW_FORMAT = Dynamic;

-- ----------------------------
-- Records of asset_supplier
-- ----------------------------
INSERT INTO `asset_supplier` VALUES (1, 'жөҷжұҹжқӯе·һXXXжңүйҷҗе…¬еҸё', 'и®ҫеӨҮ', 'жөҷжұҹжқӯе·һ', '0571-66668888', 'https://gitee.com/test01', '0', 'admin', '2023-01-12 08:55:41', 'admin', '2023-01-12 08:55:41', '0', 'еҠһе…¬и®ҫеӨҮдҫӣеә”е•Ҷ');
INSERT INTO `asset_supplier` VALUES (2, 'жөҷжұҹе®ҒжіўXXXжңүйҷҗе…¬еҸё', 'и®ҫеӨҮ', 'жөҷжұҹе®Ғжіў', '0574-69854785', 'https://gitee.com/test02', '0', 'admin', '2023-01-12 08:56:23', 'admin', '2023-01-12 08:56:23', '0', 'е®¶е…·з”Ёе“Ғдҫӣеә”е•Ҷ');
INSERT INTO `asset_supplier` VALUES (3, 'дёҠжө·зү©иө„е•Ҷиҙёе…¬еҸё', 'иҖ—жқҗ', 'дёҠжө·еёӮжөҰдёңж–°еҢә', '021-88997766', 'https://gitee.com/test03', '0', 'admin', '2023-02-01 09:10:11', 'admin', '2023-02-01 09:10:11', '0', 'еҠһе…¬иҖ—жқҗдҫӣеә”е•Ҷ');
INSERT INTO `asset_supplier` VALUES (4, 'е№ҝе·һз”өеӯҗз§‘жҠҖ', 'з”өеӯҗ', 'е№ҝе·һеёӮеӨ©жІіеҢә', '020-33669922', '', '1', 'admin', '2023-02-15 10:20:30', 'admin', '2023-02-15 10:20:30', '0', 'з”өеӯҗи®ҫеӨҮдҫӣеә”е•ҶпјҢе·ІеҒңз”Ё');
INSERT INTO `asset_supplier` VALUES (8, 'зүӣй©¬жңүйҷҗе…¬еҸё', 'е…¶д»–', 'е№ҝдёңзҸ жө·', '18888888888', NULL, '1', 'admin', '2026-06-28 16:28:59', 'admin', '2026-06-28 16:29:28', '0', NULL);

-- ----------------------------
-- Table structure for asset_unit
-- ----------------------------
DROP TABLE IF EXISTS `asset_unit`;
CREATE TABLE `asset_unit`  (
  `unit_id` bigint NOT NULL AUTO_INCREMENT COMMENT 'дё»й”®ID',
  `unit_code` varchar(64) CHARACTER SET utf8mb4 COLLATE utf8mb4_0900_ai_ci NOT NULL COMMENT 'еҚ•дҪҚзј–з Ғ',
  `unit_name` varchar(100) CHARACTER SET utf8mb4 COLLATE utf8mb4_0900_ai_ci NOT NULL COMMENT 'еҚ•дҪҚеҗҚз§°',
  `unit_type` char(1) CHARACTER SET utf8mb4 COLLATE utf8mb4_0900_ai_ci NOT NULL COMMENT 'зұ»еһӢ(0и®ЎйҮҸеҚ•дҪҚ 1е°әеҜёеҚ•дҪҚ)',
  `status` char(1) CHARACTER SET utf8mb4 COLLATE utf8mb4_0900_ai_ci NULL DEFAULT '0' COMMENT 'зҠ¶жҖҒ(0жӯЈеёё 1еҒңз”Ё)',
  `create_by` varchar(64) CHARACTER SET utf8mb4 COLLATE utf8mb4_0900_ai_ci NULL DEFAULT '' COMMENT 'еҲӣе»әиҖ…',
  `create_time` datetime NULL DEFAULT NULL COMMENT 'еҲӣе»әж—¶й—ҙ',
  `update_by` varchar(64) CHARACTER SET utf8mb4 COLLATE utf8mb4_0900_ai_ci NULL DEFAULT '' COMMENT 'жӣҙж–°иҖ…',
  `update_time` datetime NULL DEFAULT NULL COMMENT 'жӣҙж–°ж—¶й—ҙ',
  `del_flag` char(1) CHARACTER SET utf8mb4 COLLATE utf8mb4_0900_ai_ci NULL DEFAULT '0' COMMENT 'еҲ йҷӨж Үеҝ—(0жӯЈеёё 2еҲ йҷӨ)',
  `remark` varchar(500) CHARACTER SET utf8mb4 COLLATE utf8mb4_0900_ai_ci NULL DEFAULT NULL COMMENT 'еӨҮжіЁ',
  PRIMARY KEY (`unit_id`) USING BTREE,
  INDEX `idx_unit_code`(`unit_code` ASC) USING BTREE,
  INDEX `idx_del_flag`(`del_flag` ASC) USING BTREE
) ENGINE = InnoDB AUTO_INCREMENT = 32 CHARACTER SET = utf8mb4 COLLATE = utf8mb4_0900_ai_ci COMMENT = 'иө„дә§еҚ•дҪҚиЎЁ' ROW_FORMAT = Dynamic;

-- ----------------------------
-- Records of asset_unit
-- ----------------------------
INSERT INTO `asset_unit` VALUES (1, 'DW001', 'дёӘ', '0', '0', 'admin', '2023-01-12 08:54:33', 'admin', '2023-01-12 08:54:33', '0', 'еҹәзЎҖи®Ўж•°еҚ•дҪҚ');
INSERT INTO `asset_unit` VALUES (2, 'DW002', 'еј ', '0', '0', 'admin', '2023-01-12 08:54:37', 'admin', '2023-01-12 08:54:37', '0', 'жЎҢжӨ…зұ»йҖҡз”ЁеҚ•дҪҚ');
INSERT INTO `asset_unit` VALUES (3, 'DW003', 'еҸ°', '0', '0', 'admin', '2023-01-12 08:54:43', 'admin', '2023-01-12 08:54:43', '0', 'з”өеҷЁи®ҫеӨҮеҚ•дҪҚ');
INSERT INTO `asset_unit` VALUES (4, 'DW004', 'жқЎ', '0', '0', 'admin', '2023-01-12 08:54:48', 'admin', '2023-01-12 08:54:48', '0', 'зәҝжқҗгҖҒй…Қд»¶еҚ•дҪҚ');
INSERT INTO `asset_unit` VALUES (5, 'DW005', 'еҘ—', '0', '0', 'admin', '2023-01-12 08:54:54', 'admin', '2026-06-16 17:57:07', '0', 'з»„еҗҲеҘ—д»¶еҚ•дҪҚ');
INSERT INTO `asset_unit` VALUES (6, 'DW006', 'з®ұ', '0', '0', 'admin', '2023-01-12 08:54:57', 'admin', '2023-01-12 08:54:57', '0', 'ж•ҙз®ұеҢ…иЈ…еҚ•дҪҚ');
INSERT INTO `asset_unit` VALUES (7, 'DW007', 'жЎ¶', '0', '0', 'admin', '2023-01-12 08:55:00', 'admin', '2023-01-12 08:55:00', '0', 'ж¶ІдҪ“зү©иө„еҚ•дҪҚ');
INSERT INTO `asset_unit` VALUES (8, 'DWB001', 'з»„', '0', '0', 'admin', '2023-05-17 18:58:23', 'admin', '2023-05-17 18:58:23', '2', 'з»„еҗҲи®ҫеӨҮеҚ•дҪҚпјҢеӨҮжіЁ111');
INSERT INTO `asset_unit` VALUES (26, 'fb66e65bca08428fa28c3b45b2a8b56e', 'жҜ«зұі', '1', '0', 'admin', '2026-06-22 16:25:07', 'admin', '2026-06-22 16:25:07', '0', 'е°әеҜёеҚ•дҪҚ');
INSERT INTO `asset_unit` VALUES (27, '5afe5a3f58a8465bb338e7b32471782c', 'еҺҳзұі', '1', '0', 'admin', '2026-06-22 16:25:15', 'admin', '2026-06-22 16:25:15', '0', 'е°әеҜёеҚ•дҪҚ');
INSERT INTO `asset_unit` VALUES (29, 'fb1f2b1ce8bf40d3a8c8bb7ad2d4cb64', 'еҲҶзұі', '1', '0', 'admin', '2026-06-22 16:25:22', 'admin', '2026-06-22 16:25:22', '0', 'е°әеҜёеҚ•дҪҚ');
INSERT INTO `asset_unit` VALUES (30, 'b255ba39880c4226b85bfc2c3580f138', 'зұі', '1', '0', 'admin', '2026-06-22 16:25:26', 'admin', '2026-06-22 16:25:26', '0', 'е°әеҜёеҚ•дҪҚ');

-- ----------------------------
-- Table structure for asset_warehouse
-- ----------------------------
DROP TABLE IF EXISTS `asset_warehouse`;
CREATE TABLE `asset_warehouse`  (
  `warehouse_id` bigint NOT NULL AUTO_INCREMENT COMMENT 'дё»й”®ID',
  `warehouse_name` varchar(100) CHARACTER SET utf8mb4 COLLATE utf8mb4_0900_ai_ci NOT NULL COMMENT 'д»“еә“еҗҚз§°',
  `warehouse_address` varchar(200) CHARACTER SET utf8mb4 COLLATE utf8mb4_0900_ai_ci NULL DEFAULT NULL COMMENT 'д»“еә“ең°еқҖ',
  `manager` varchar(64) CHARACTER SET utf8mb4 COLLATE utf8mb4_0900_ai_ci NULL DEFAULT NULL COMMENT 'з®ЎзҗҶе‘ҳ',
  `status` char(1) CHARACTER SET utf8mb4 COLLATE utf8mb4_0900_ai_ci NULL DEFAULT '0' COMMENT 'зҠ¶жҖҒ(0жӯЈеёё 1еҒңз”Ё)',
  `create_by` varchar(64) CHARACTER SET utf8mb4 COLLATE utf8mb4_0900_ai_ci NULL DEFAULT '' COMMENT 'еҲӣе»әиҖ…',
  `create_time` datetime NULL DEFAULT NULL COMMENT 'еҲӣе»әж—¶й—ҙ',
  `update_by` varchar(64) CHARACTER SET utf8mb4 COLLATE utf8mb4_0900_ai_ci NULL DEFAULT '' COMMENT 'жӣҙж–°иҖ…',
  `update_time` datetime NULL DEFAULT NULL COMMENT 'жӣҙж–°ж—¶й—ҙ',
  `del_flag` char(1) CHARACTER SET utf8mb4 COLLATE utf8mb4_0900_ai_ci NULL DEFAULT '0' COMMENT 'еҲ йҷӨж Үеҝ—(0жӯЈеёё 2еҲ йҷӨ)',
  `remark` varchar(500) CHARACTER SET utf8mb4 COLLATE utf8mb4_0900_ai_ci NULL DEFAULT NULL COMMENT 'еӨҮжіЁ',
  PRIMARY KEY (`warehouse_id`) USING BTREE,
  INDEX `idx_warehouse_name`(`warehouse_name` ASC) USING BTREE,
  INDEX `idx_del_flag`(`del_flag` ASC) USING BTREE
) ENGINE = InnoDB AUTO_INCREMENT = 8 CHARACTER SET = utf8mb4 COLLATE = utf8mb4_0900_ai_ci COMMENT = 'иө„дә§д»“еә“иЎЁ' ROW_FORMAT = Dynamic;

-- ----------------------------
-- Records of asset_warehouse
-- ----------------------------
INSERT INTO `asset_warehouse` VALUES (1, 'й«ҳж ЎдёҖеҸ·д»“еә“', 'ж ЎеӣӯдёҖеҸ·е®ҝиҲҚжҘјеә•еұӮд»“еә“', 'admin', '0', 'admin', '2023-01-12 08:56:41', 'admin', '2023-01-12 08:56:41', '0', 'дё»д»“еә“пјҢеӯҳж”ҫйҖҡз”Ёиө„дә§');
INSERT INTO `asset_warehouse` VALUES (2, 'й«ҳж ЎдәҢеҸ·д»“еә“', 'ж Ўеӣӯе®һи®ӯжҘјдёҖжҘјд»“еә“', 'admin', '0', 'admin', '2023-01-13 09:05:22', 'admin', '2023-01-13 09:05:22', '0', 'дё“з”Ёи®ҫеӨҮд»“еә“');
INSERT INTO `asset_warehouse` VALUES (3, 'еҗҺеӢӨзү©иө„д»“еә“', 'ж ЎеӣӯеҗҺеӢӨдёӯеҝғйҷўеҶ…', 'ry', '0', 'zhangsan', '2023-03-01 14:22:10', 'admin', '2026-06-28 16:37:32', '2', 'еҗҺеӢӨжқӮзү©еӯҳж”ҫ');
INSERT INTO `asset_warehouse` VALUES (6, 'зүӣй©¬дәҢеҸ·д»“еә“', 'е№ҝдёңзҸ жө·', 'rege', '1', 'admin', '2026-06-18 23:44:39', 'admin', '2026-06-28 16:37:42', '0', NULL);
INSERT INTO `asset_warehouse` VALUES (7, 'й«ҳж ЎдёүеҸ·д»“еә“', 'зҰҸе»әеёҲиҢғеӨ§еӯҰ', 'ry', '0', 'admin', '2026-06-28 16:38:12', 'admin', '2026-06-28 16:43:18', '0', NULL);

-- ----------------------------
-- Table structure for gen_table
-- ----------------------------
DROP TABLE IF EXISTS `gen_table`;
CREATE TABLE `gen_table`  (
  `table_id` bigint NOT NULL AUTO_INCREMENT COMMENT 'зј–еҸ·',
  `table_name` varchar(200) CHARACTER SET utf8mb3 COLLATE utf8mb3_general_ci NULL DEFAULT '' COMMENT 'иЎЁеҗҚз§°',
  `table_comment` varchar(500) CHARACTER SET utf8mb3 COLLATE utf8mb3_general_ci NULL DEFAULT '' COMMENT 'иЎЁжҸҸиҝ°',
  `sub_table_name` varchar(64) CHARACTER SET utf8mb3 COLLATE utf8mb3_general_ci NULL DEFAULT NULL COMMENT 'е…іиҒ”еӯҗиЎЁзҡ„иЎЁеҗҚ',
  `sub_table_fk_name` varchar(64) CHARACTER SET utf8mb3 COLLATE utf8mb3_general_ci NULL DEFAULT NULL COMMENT 'еӯҗиЎЁе…іиҒ”зҡ„еӨ–й”®еҗҚ',
  `class_name` varchar(100) CHARACTER SET utf8mb3 COLLATE utf8mb3_general_ci NULL DEFAULT '' COMMENT 'е®һдҪ“зұ»еҗҚз§°',
  `tpl_category` varchar(200) CHARACTER SET utf8mb3 COLLATE utf8mb3_general_ci NULL DEFAULT 'crud' COMMENT 'дҪҝз”Ёзҡ„жЁЎжқҝпјҲcrudеҚ•иЎЁж“ҚдҪң treeж ‘иЎЁж“ҚдҪңпјү',
  `tpl_web_type` varchar(30) CHARACTER SET utf8mb3 COLLATE utf8mb3_general_ci NULL DEFAULT '' COMMENT 'еүҚз«ҜжЁЎжқҝзұ»еһӢпјҲelement-uiжЁЎзүҲ element-plusжЁЎзүҲпјү',
  `package_name` varchar(100) CHARACTER SET utf8mb3 COLLATE utf8mb3_general_ci NULL DEFAULT NULL COMMENT 'з”ҹжҲҗеҢ…и·Ҝеҫ„',
  `module_name` varchar(30) CHARACTER SET utf8mb3 COLLATE utf8mb3_general_ci NULL DEFAULT NULL COMMENT 'з”ҹжҲҗжЁЎеқ—еҗҚ',
  `business_name` varchar(30) CHARACTER SET utf8mb3 COLLATE utf8mb3_general_ci NULL DEFAULT NULL COMMENT 'з”ҹжҲҗдёҡеҠЎеҗҚ',
  `function_name` varchar(50) CHARACTER SET utf8mb3 COLLATE utf8mb3_general_ci NULL DEFAULT NULL COMMENT 'з”ҹжҲҗеҠҹиғҪеҗҚ',
  `function_author` varchar(50) CHARACTER SET utf8mb3 COLLATE utf8mb3_general_ci NULL DEFAULT NULL COMMENT 'з”ҹжҲҗеҠҹиғҪдҪңиҖ…',
  `form_col_num` int NULL DEFAULT 1 COMMENT 'иЎЁеҚ•еёғеұҖпјҲеҚ•еҲ— еҸҢеҲ— дёүеҲ—пјү',
  `gen_type` char(1) CHARACTER SET utf8mb3 COLLATE utf8mb3_general_ci NULL DEFAULT '0' COMMENT 'з”ҹжҲҗд»Јз Ғж–№ејҸпјҲ0zipеҺӢзј©еҢ… 1иҮӘе®ҡд№үи·Ҝеҫ„пјү',
  `gen_path` varchar(200) CHARACTER SET utf8mb3 COLLATE utf8mb3_general_ci NULL DEFAULT '/' COMMENT 'з”ҹжҲҗи·Ҝеҫ„пјҲдёҚеЎ«й»ҳи®ӨйЎ№зӣ®и·Ҝеҫ„пјү',
  `options` varchar(1000) CHARACTER SET utf8mb3 COLLATE utf8mb3_general_ci NULL DEFAULT NULL COMMENT 'е…¶е®ғз”ҹжҲҗйҖүйЎ№',
  `create_by` varchar(64) CHARACTER SET utf8mb3 COLLATE utf8mb3_general_ci NULL DEFAULT '' COMMENT 'еҲӣе»әиҖ…',
  `create_time` datetime NULL DEFAULT NULL COMMENT 'еҲӣе»әж—¶й—ҙ',
  `update_by` varchar(64) CHARACTER SET utf8mb3 COLLATE utf8mb3_general_ci NULL DEFAULT '' COMMENT 'жӣҙж–°иҖ…',
  `update_time` datetime NULL DEFAULT NULL COMMENT 'жӣҙж–°ж—¶й—ҙ',
  `remark` varchar(500) CHARACTER SET utf8mb3 COLLATE utf8mb3_general_ci NULL DEFAULT NULL COMMENT 'еӨҮжіЁ',
  PRIMARY KEY (`table_id`) USING BTREE
) ENGINE = InnoDB AUTO_INCREMENT = 1 CHARACTER SET = utf8mb3 COLLATE = utf8mb3_general_ci COMMENT = 'д»Јз Ғз”ҹжҲҗдёҡеҠЎиЎЁ' ROW_FORMAT = Dynamic;

-- ----------------------------
-- Records of gen_table
-- ----------------------------

-- ----------------------------
-- Table structure for gen_table_column
-- ----------------------------
DROP TABLE IF EXISTS `gen_table_column`;
CREATE TABLE `gen_table_column`  (
  `column_id` bigint NOT NULL AUTO_INCREMENT COMMENT 'зј–еҸ·',
  `table_id` bigint NULL DEFAULT NULL COMMENT 'еҪ’еұһиЎЁзј–еҸ·',
  `column_name` varchar(200) CHARACTER SET utf8mb3 COLLATE utf8mb3_general_ci NULL DEFAULT NULL COMMENT 'еҲ—еҗҚз§°',
  `column_comment` varchar(500) CHARACTER SET utf8mb3 COLLATE utf8mb3_general_ci NULL DEFAULT NULL COMMENT 'еҲ—жҸҸиҝ°',
  `column_type` varchar(100) CHARACTER SET utf8mb3 COLLATE utf8mb3_general_ci NULL DEFAULT NULL COMMENT 'еҲ—зұ»еһӢ',
  `java_type` varchar(500) CHARACTER SET utf8mb3 COLLATE utf8mb3_general_ci NULL DEFAULT NULL COMMENT 'JAVAзұ»еһӢ',
  `java_field` varchar(200) CHARACTER SET utf8mb3 COLLATE utf8mb3_general_ci NULL DEFAULT NULL COMMENT 'JAVAеӯ—ж®өеҗҚ',
  `is_pk` char(1) CHARACTER SET utf8mb3 COLLATE utf8mb3_general_ci NULL DEFAULT NULL COMMENT 'жҳҜеҗҰдё»й”®пјҲ1жҳҜпјү',
  `is_increment` char(1) CHARACTER SET utf8mb3 COLLATE utf8mb3_general_ci NULL DEFAULT NULL COMMENT 'жҳҜеҗҰиҮӘеўһпјҲ1жҳҜпјү',
  `is_required` char(1) CHARACTER SET utf8mb3 COLLATE utf8mb3_general_ci NULL DEFAULT NULL COMMENT 'жҳҜеҗҰеҝ…еЎ«пјҲ1жҳҜпјү',
  `is_insert` char(1) CHARACTER SET utf8mb3 COLLATE utf8mb3_general_ci NULL DEFAULT NULL COMMENT 'жҳҜеҗҰдёәжҸ’е…Ҙеӯ—ж®өпјҲ1жҳҜпјү',
  `is_edit` char(1) CHARACTER SET utf8mb3 COLLATE utf8mb3_general_ci NULL DEFAULT NULL COMMENT 'жҳҜеҗҰзј–иҫ‘еӯ—ж®өпјҲ1жҳҜпјү',
  `is_list` char(1) CHARACTER SET utf8mb3 COLLATE utf8mb3_general_ci NULL DEFAULT NULL COMMENT 'жҳҜеҗҰеҲ—иЎЁеӯ—ж®өпјҲ1жҳҜпјү',
  `is_query` char(1) CHARACTER SET utf8mb3 COLLATE utf8mb3_general_ci NULL DEFAULT NULL COMMENT 'жҳҜеҗҰжҹҘиҜўеӯ—ж®өпјҲ1жҳҜпјү',
  `query_type` varchar(200) CHARACTER SET utf8mb3 COLLATE utf8mb3_general_ci NULL DEFAULT 'EQ' COMMENT 'жҹҘиҜўж–№ејҸпјҲзӯүдәҺгҖҒдёҚзӯүдәҺгҖҒеӨ§дәҺгҖҒе°ҸдәҺгҖҒиҢғеӣҙпјү',
  `html_type` varchar(200) CHARACTER SET utf8mb3 COLLATE utf8mb3_general_ci NULL DEFAULT NULL COMMENT 'жҳҫзӨәзұ»еһӢпјҲж–Үжң¬жЎҶгҖҒж–Үжң¬еҹҹгҖҒдёӢжӢүжЎҶгҖҒеӨҚйҖүжЎҶгҖҒеҚ•йҖүжЎҶгҖҒж—ҘжңҹжҺ§д»¶пјү',
  `dict_type` varchar(200) CHARACTER SET utf8mb3 COLLATE utf8mb3_general_ci NULL DEFAULT '' COMMENT 'еӯ—е…ёзұ»еһӢ',
  `sort` int NULL DEFAULT NULL COMMENT 'жҺ’еәҸ',
  `create_by` varchar(64) CHARACTER SET utf8mb3 COLLATE utf8mb3_general_ci NULL DEFAULT '' COMMENT 'еҲӣе»әиҖ…',
  `create_time` datetime NULL DEFAULT NULL COMMENT 'еҲӣе»әж—¶й—ҙ',
  `update_by` varchar(64) CHARACTER SET utf8mb3 COLLATE utf8mb3_general_ci NULL DEFAULT '' COMMENT 'жӣҙж–°иҖ…',
  `update_time` datetime NULL DEFAULT NULL COMMENT 'жӣҙж–°ж—¶й—ҙ',
  PRIMARY KEY (`column_id`) USING BTREE
) ENGINE = InnoDB AUTO_INCREMENT = 1 CHARACTER SET = utf8mb3 COLLATE = utf8mb3_general_ci COMMENT = 'д»Јз Ғз”ҹжҲҗдёҡеҠЎиЎЁеӯ—ж®ө' ROW_FORMAT = Dynamic;

-- ----------------------------
-- Records of gen_table_column
-- ----------------------------

-- ----------------------------
-- Table structure for qrtz_blob_triggers
-- ----------------------------
DROP TABLE IF EXISTS `qrtz_blob_triggers`;
CREATE TABLE `qrtz_blob_triggers`  (
  `sched_name` varchar(120) CHARACTER SET utf8mb3 COLLATE utf8mb3_general_ci NOT NULL COMMENT 'и°ғеәҰеҗҚз§°',
  `trigger_name` varchar(200) CHARACTER SET utf8mb3 COLLATE utf8mb3_general_ci NOT NULL COMMENT 'qrtz_triggersиЎЁtrigger_nameзҡ„еӨ–й”®',
  `trigger_group` varchar(200) CHARACTER SET utf8mb3 COLLATE utf8mb3_general_ci NOT NULL COMMENT 'qrtz_triggersиЎЁtrigger_groupзҡ„еӨ–й”®',
  `blob_data` blob NULL COMMENT 'еӯҳж”ҫжҢҒд№…еҢ–TriggerеҜ№иұЎ',
  PRIMARY KEY (`sched_name`, `trigger_name`, `trigger_group`) USING BTREE,
  CONSTRAINT `qrtz_blob_triggers_ibfk_1` FOREIGN KEY (`sched_name`, `trigger_name`, `trigger_group`) REFERENCES `qrtz_triggers` (`sched_name`, `trigger_name`, `trigger_group`) ON DELETE RESTRICT ON UPDATE RESTRICT
) ENGINE = InnoDB CHARACTER SET = utf8mb3 COLLATE = utf8mb3_general_ci COMMENT = 'Blobзұ»еһӢзҡ„и§ҰеҸ‘еҷЁиЎЁ' ROW_FORMAT = Dynamic;

-- ----------------------------
-- Records of qrtz_blob_triggers
-- ----------------------------

-- ----------------------------
-- Table structure for qrtz_calendars
-- ----------------------------
DROP TABLE IF EXISTS `qrtz_calendars`;
CREATE TABLE `qrtz_calendars`  (
  `sched_name` varchar(120) CHARACTER SET utf8mb3 COLLATE utf8mb3_general_ci NOT NULL COMMENT 'и°ғеәҰеҗҚз§°',
  `calendar_name` varchar(200) CHARACTER SET utf8mb3 COLLATE utf8mb3_general_ci NOT NULL COMMENT 'ж—ҘеҺҶеҗҚз§°',
  `calendar` blob NOT NULL COMMENT 'еӯҳж”ҫжҢҒд№…еҢ–calendarеҜ№иұЎ',
  PRIMARY KEY (`sched_name`, `calendar_name`) USING BTREE
) ENGINE = InnoDB CHARACTER SET = utf8mb3 COLLATE = utf8mb3_general_ci COMMENT = 'ж—ҘеҺҶдҝЎжҒҜиЎЁ' ROW_FORMAT = Dynamic;

-- ----------------------------
-- Records of qrtz_calendars
-- ----------------------------

-- ----------------------------
-- Table structure for qrtz_cron_triggers
-- ----------------------------
DROP TABLE IF EXISTS `qrtz_cron_triggers`;
CREATE TABLE `qrtz_cron_triggers`  (
  `sched_name` varchar(120) CHARACTER SET utf8mb3 COLLATE utf8mb3_general_ci NOT NULL COMMENT 'и°ғеәҰеҗҚз§°',
  `trigger_name` varchar(200) CHARACTER SET utf8mb3 COLLATE utf8mb3_general_ci NOT NULL COMMENT 'qrtz_triggersиЎЁtrigger_nameзҡ„еӨ–й”®',
  `trigger_group` varchar(200) CHARACTER SET utf8mb3 COLLATE utf8mb3_general_ci NOT NULL COMMENT 'qrtz_triggersиЎЁtrigger_groupзҡ„еӨ–й”®',
  `cron_expression` varchar(200) CHARACTER SET utf8mb3 COLLATE utf8mb3_general_ci NOT NULL COMMENT 'cronиЎЁиҫҫејҸ',
  `time_zone_id` varchar(80) CHARACTER SET utf8mb3 COLLATE utf8mb3_general_ci NULL DEFAULT NULL COMMENT 'ж—¶еҢә',
  PRIMARY KEY (`sched_name`, `trigger_name`, `trigger_group`) USING BTREE,
  CONSTRAINT `qrtz_cron_triggers_ibfk_1` FOREIGN KEY (`sched_name`, `trigger_name`, `trigger_group`) REFERENCES `qrtz_triggers` (`sched_name`, `trigger_name`, `trigger_group`) ON DELETE RESTRICT ON UPDATE RESTRICT
) ENGINE = InnoDB CHARACTER SET = utf8mb3 COLLATE = utf8mb3_general_ci COMMENT = 'Cronзұ»еһӢзҡ„и§ҰеҸ‘еҷЁиЎЁ' ROW_FORMAT = Dynamic;

-- ----------------------------
-- Records of qrtz_cron_triggers
-- ----------------------------

-- ----------------------------
-- Table structure for qrtz_fired_triggers
-- ----------------------------
DROP TABLE IF EXISTS `qrtz_fired_triggers`;
CREATE TABLE `qrtz_fired_triggers`  (
  `sched_name` varchar(120) CHARACTER SET utf8mb3 COLLATE utf8mb3_general_ci NOT NULL COMMENT 'и°ғеәҰеҗҚз§°',
  `entry_id` varchar(95) CHARACTER SET utf8mb3 COLLATE utf8mb3_general_ci NOT NULL COMMENT 'и°ғеәҰеҷЁе®һдҫӢid',
  `trigger_name` varchar(200) CHARACTER SET utf8mb3 COLLATE utf8mb3_general_ci NOT NULL COMMENT 'qrtz_triggersиЎЁtrigger_nameзҡ„еӨ–й”®',
  `trigger_group` varchar(200) CHARACTER SET utf8mb3 COLLATE utf8mb3_general_ci NOT NULL COMMENT 'qrtz_triggersиЎЁtrigger_groupзҡ„еӨ–й”®',
  `instance_name` varchar(200) CHARACTER SET utf8mb3 COLLATE utf8mb3_general_ci NOT NULL COMMENT 'и°ғеәҰеҷЁе®һдҫӢеҗҚ',
  `fired_time` bigint NOT NULL COMMENT 'и§ҰеҸ‘зҡ„ж—¶й—ҙ',
  `sched_time` bigint NOT NULL COMMENT 'е®ҡж—¶еҷЁеҲ¶е®ҡзҡ„ж—¶й—ҙ',
  `priority` int NOT NULL COMMENT 'дјҳе…Ҳзә§',
  `state` varchar(16) CHARACTER SET utf8mb3 COLLATE utf8mb3_general_ci NOT NULL COMMENT 'зҠ¶жҖҒ',
  `job_name` varchar(200) CHARACTER SET utf8mb3 COLLATE utf8mb3_general_ci NULL DEFAULT NULL COMMENT 'д»»еҠЎеҗҚз§°',
  `job_group` varchar(200) CHARACTER SET utf8mb3 COLLATE utf8mb3_general_ci NULL DEFAULT NULL COMMENT 'д»»еҠЎз»„еҗҚ',
  `is_nonconcurrent` varchar(1) CHARACTER SET utf8mb3 COLLATE utf8mb3_general_ci NULL DEFAULT NULL COMMENT 'жҳҜеҗҰе№¶еҸ‘',
  `requests_recovery` varchar(1) CHARACTER SET utf8mb3 COLLATE utf8mb3_general_ci NULL DEFAULT NULL COMMENT 'жҳҜеҗҰжҺҘеҸ—жҒўеӨҚжү§иЎҢ',
  PRIMARY KEY (`sched_name`, `entry_id`) USING BTREE
) ENGINE = InnoDB CHARACTER SET = utf8mb3 COLLATE = utf8mb3_general_ci COMMENT = 'е·Іи§ҰеҸ‘зҡ„и§ҰеҸ‘еҷЁиЎЁ' ROW_FORMAT = Dynamic;

-- ----------------------------
-- Records of qrtz_fired_triggers
-- ----------------------------

-- ----------------------------
-- Table structure for qrtz_job_details
-- ----------------------------
DROP TABLE IF EXISTS `qrtz_job_details`;
CREATE TABLE `qrtz_job_details`  (
  `sched_name` varchar(120) CHARACTER SET utf8mb3 COLLATE utf8mb3_general_ci NOT NULL COMMENT 'и°ғеәҰеҗҚз§°',
  `job_name` varchar(200) CHARACTER SET utf8mb3 COLLATE utf8mb3_general_ci NOT NULL COMMENT 'д»»еҠЎеҗҚз§°',
  `job_group` varchar(200) CHARACTER SET utf8mb3 COLLATE utf8mb3_general_ci NOT NULL COMMENT 'д»»еҠЎз»„еҗҚ',
  `description` varchar(250) CHARACTER SET utf8mb3 COLLATE utf8mb3_general_ci NULL DEFAULT NULL COMMENT 'зӣёе…ід»Ӣз»Қ',
  `job_class_name` varchar(250) CHARACTER SET utf8mb3 COLLATE utf8mb3_general_ci NOT NULL COMMENT 'жү§иЎҢд»»еҠЎзұ»еҗҚз§°',
  `is_durable` varchar(1) CHARACTER SET utf8mb3 COLLATE utf8mb3_general_ci NOT NULL COMMENT 'жҳҜеҗҰжҢҒд№…еҢ–',
  `is_nonconcurrent` varchar(1) CHARACTER SET utf8mb3 COLLATE utf8mb3_general_ci NOT NULL COMMENT 'жҳҜеҗҰе№¶еҸ‘',
  `is_update_data` varchar(1) CHARACTER SET utf8mb3 COLLATE utf8mb3_general_ci NOT NULL COMMENT 'жҳҜеҗҰжӣҙж–°ж•°жҚ®',
  `requests_recovery` varchar(1) CHARACTER SET utf8mb3 COLLATE utf8mb3_general_ci NOT NULL COMMENT 'жҳҜеҗҰжҺҘеҸ—жҒўеӨҚжү§иЎҢ',
  `job_data` blob NULL COMMENT 'еӯҳж”ҫжҢҒд№…еҢ–jobеҜ№иұЎ',
  PRIMARY KEY (`sched_name`, `job_name`, `job_group`) USING BTREE
) ENGINE = InnoDB CHARACTER SET = utf8mb3 COLLATE = utf8mb3_general_ci COMMENT = 'д»»еҠЎиҜҰз»ҶдҝЎжҒҜиЎЁ' ROW_FORMAT = Dynamic;

-- ----------------------------
-- Records of qrtz_job_details
-- ----------------------------

-- ----------------------------
-- Table structure for qrtz_locks
-- ----------------------------
DROP TABLE IF EXISTS `qrtz_locks`;
CREATE TABLE `qrtz_locks`  (
  `sched_name` varchar(120) CHARACTER SET utf8mb3 COLLATE utf8mb3_general_ci NOT NULL COMMENT 'и°ғеәҰеҗҚз§°',
  `lock_name` varchar(40) CHARACTER SET utf8mb3 COLLATE utf8mb3_general_ci NOT NULL COMMENT 'жӮІи§Ӯй”ҒеҗҚз§°',
  PRIMARY KEY (`sched_name`, `lock_name`) USING BTREE
) ENGINE = InnoDB CHARACTER SET = utf8mb3 COLLATE = utf8mb3_general_ci COMMENT = 'еӯҳеӮЁзҡ„жӮІи§Ӯй”ҒдҝЎжҒҜиЎЁ' ROW_FORMAT = Dynamic;

-- ----------------------------
-- Records of qrtz_locks
-- ----------------------------

-- ----------------------------
-- Table structure for qrtz_paused_trigger_grps
-- ----------------------------
DROP TABLE IF EXISTS `qrtz_paused_trigger_grps`;
CREATE TABLE `qrtz_paused_trigger_grps`  (
  `sched_name` varchar(120) CHARACTER SET utf8mb3 COLLATE utf8mb3_general_ci NOT NULL COMMENT 'и°ғеәҰеҗҚз§°',
  `trigger_group` varchar(200) CHARACTER SET utf8mb3 COLLATE utf8mb3_general_ci NOT NULL COMMENT 'qrtz_triggersиЎЁtrigger_groupзҡ„еӨ–й”®',
  PRIMARY KEY (`sched_name`, `trigger_group`) USING BTREE
) ENGINE = InnoDB CHARACTER SET = utf8mb3 COLLATE = utf8mb3_general_ci COMMENT = 'жҡӮеҒңзҡ„и§ҰеҸ‘еҷЁиЎЁ' ROW_FORMAT = Dynamic;

-- ----------------------------
-- Records of qrtz_paused_trigger_grps
-- ----------------------------

-- ----------------------------
-- Table structure for qrtz_scheduler_state
-- ----------------------------
DROP TABLE IF EXISTS `qrtz_scheduler_state`;
CREATE TABLE `qrtz_scheduler_state`  (
  `sched_name` varchar(120) CHARACTER SET utf8mb3 COLLATE utf8mb3_general_ci NOT NULL COMMENT 'и°ғеәҰеҗҚз§°',
  `instance_name` varchar(200) CHARACTER SET utf8mb3 COLLATE utf8mb3_general_ci NOT NULL COMMENT 'е®һдҫӢеҗҚз§°',
  `last_checkin_time` bigint NOT NULL COMMENT 'дёҠж¬ЎжЈҖжҹҘж—¶й—ҙ',
  `checkin_interval` bigint NOT NULL COMMENT 'жЈҖжҹҘй—ҙйҡ”ж—¶й—ҙ',
  PRIMARY KEY (`sched_name`, `instance_name`) USING BTREE
) ENGINE = InnoDB CHARACTER SET = utf8mb3 COLLATE = utf8mb3_general_ci COMMENT = 'и°ғеәҰеҷЁзҠ¶жҖҒиЎЁ' ROW_FORMAT = Dynamic;

-- ----------------------------
-- Records of qrtz_scheduler_state
-- ----------------------------

-- ----------------------------
-- Table structure for qrtz_simple_triggers
-- ----------------------------
DROP TABLE IF EXISTS `qrtz_simple_triggers`;
CREATE TABLE `qrtz_simple_triggers`  (
  `sched_name` varchar(120) CHARACTER SET utf8mb3 COLLATE utf8mb3_general_ci NOT NULL COMMENT 'и°ғеәҰеҗҚз§°',
  `trigger_name` varchar(200) CHARACTER SET utf8mb3 COLLATE utf8mb3_general_ci NOT NULL COMMENT 'qrtz_triggersиЎЁtrigger_nameзҡ„еӨ–й”®',
  `trigger_group` varchar(200) CHARACTER SET utf8mb3 COLLATE utf8mb3_general_ci NOT NULL COMMENT 'qrtz_triggersиЎЁtrigger_groupзҡ„еӨ–й”®',
  `repeat_count` bigint NOT NULL COMMENT 'йҮҚеӨҚзҡ„ж¬Ўж•°з»ҹи®Ў',
  `repeat_interval` bigint NOT NULL COMMENT 'йҮҚеӨҚзҡ„й—ҙйҡ”ж—¶й—ҙ',
  `times_triggered` bigint NOT NULL COMMENT 'е·Із»Ҹи§ҰеҸ‘зҡ„ж¬Ўж•°',
  PRIMARY KEY (`sched_name`, `trigger_name`, `trigger_group`) USING BTREE,
  CONSTRAINT `qrtz_simple_triggers_ibfk_1` FOREIGN KEY (`sched_name`, `trigger_name`, `trigger_group`) REFERENCES `qrtz_triggers` (`sched_name`, `trigger_name`, `trigger_group`) ON DELETE RESTRICT ON UPDATE RESTRICT
) ENGINE = InnoDB CHARACTER SET = utf8mb3 COLLATE = utf8mb3_general_ci COMMENT = 'з®ҖеҚ•и§ҰеҸ‘еҷЁзҡ„дҝЎжҒҜиЎЁ' ROW_FORMAT = Dynamic;

-- ----------------------------
-- Records of qrtz_simple_triggers
-- ----------------------------

-- ----------------------------
-- Table structure for qrtz_simprop_triggers
-- ----------------------------
DROP TABLE IF EXISTS `qrtz_simprop_triggers`;
CREATE TABLE `qrtz_simprop_triggers`  (
  `sched_name` varchar(120) CHARACTER SET utf8mb3 COLLATE utf8mb3_general_ci NOT NULL COMMENT 'и°ғеәҰеҗҚз§°',
  `trigger_name` varchar(200) CHARACTER SET utf8mb3 COLLATE utf8mb3_general_ci NOT NULL COMMENT 'qrtz_triggersиЎЁtrigger_nameзҡ„еӨ–й”®',
  `trigger_group` varchar(200) CHARACTER SET utf8mb3 COLLATE utf8mb3_general_ci NOT NULL COMMENT 'qrtz_triggersиЎЁtrigger_groupзҡ„еӨ–й”®',
  `str_prop_1` varchar(512) CHARACTER SET utf8mb3 COLLATE utf8mb3_general_ci NULL DEFAULT NULL COMMENT 'Stringзұ»еһӢзҡ„triggerзҡ„з¬¬дёҖдёӘеҸӮж•°',
  `str_prop_2` varchar(512) CHARACTER SET utf8mb3 COLLATE utf8mb3_general_ci NULL DEFAULT NULL COMMENT 'Stringзұ»еһӢзҡ„triggerзҡ„з¬¬дәҢдёӘеҸӮж•°',
  `str_prop_3` varchar(512) CHARACTER SET utf8mb3 COLLATE utf8mb3_general_ci NULL DEFAULT NULL COMMENT 'Stringзұ»еһӢзҡ„triggerзҡ„з¬¬дёүдёӘеҸӮж•°',
  `int_prop_1` int NULL DEFAULT NULL COMMENT 'intзұ»еһӢзҡ„triggerзҡ„з¬¬дёҖдёӘеҸӮж•°',
  `int_prop_2` int NULL DEFAULT NULL COMMENT 'intзұ»еһӢзҡ„triggerзҡ„з¬¬дәҢдёӘеҸӮж•°',
  `long_prop_1` bigint NULL DEFAULT NULL COMMENT 'longзұ»еһӢзҡ„triggerзҡ„з¬¬дёҖдёӘеҸӮж•°',
  `long_prop_2` bigint NULL DEFAULT NULL COMMENT 'longзұ»еһӢзҡ„triggerзҡ„з¬¬дәҢдёӘеҸӮж•°',
  `dec_prop_1` decimal(13, 4) NULL DEFAULT NULL COMMENT 'decimalзұ»еһӢзҡ„triggerзҡ„з¬¬дёҖдёӘеҸӮж•°',
  `dec_prop_2` decimal(13, 4) NULL DEFAULT NULL COMMENT 'decimalзұ»еһӢзҡ„triggerзҡ„з¬¬дәҢдёӘеҸӮж•°',
  `bool_prop_1` varchar(1) CHARACTER SET utf8mb3 COLLATE utf8mb3_general_ci NULL DEFAULT NULL COMMENT 'Booleanзұ»еһӢзҡ„triggerзҡ„з¬¬дёҖдёӘеҸӮж•°',
  `bool_prop_2` varchar(1) CHARACTER SET utf8mb3 COLLATE utf8mb3_general_ci NULL DEFAULT NULL COMMENT 'Booleanзұ»еһӢзҡ„triggerзҡ„з¬¬дәҢдёӘеҸӮж•°',
  PRIMARY KEY (`sched_name`, `trigger_name`, `trigger_group`) USING BTREE,
  CONSTRAINT `qrtz_simprop_triggers_ibfk_1` FOREIGN KEY (`sched_name`, `trigger_name`, `trigger_group`) REFERENCES `qrtz_triggers` (`sched_name`, `trigger_name`, `trigger_group`) ON DELETE RESTRICT ON UPDATE RESTRICT
) ENGINE = InnoDB CHARACTER SET = utf8mb3 COLLATE = utf8mb3_general_ci COMMENT = 'еҗҢжӯҘжңәеҲ¶зҡ„иЎҢй”ҒиЎЁ' ROW_FORMAT = Dynamic;

-- ----------------------------
-- Records of qrtz_simprop_triggers
-- ----------------------------

-- ----------------------------
-- Table structure for qrtz_triggers
-- ----------------------------
DROP TABLE IF EXISTS `qrtz_triggers`;
CREATE TABLE `qrtz_triggers`  (
  `sched_name` varchar(120) CHARACTER SET utf8mb3 COLLATE utf8mb3_general_ci NOT NULL COMMENT 'и°ғеәҰеҗҚз§°',
  `trigger_name` varchar(200) CHARACTER SET utf8mb3 COLLATE utf8mb3_general_ci NOT NULL COMMENT 'и§ҰеҸ‘еҷЁзҡ„еҗҚеӯ—',
  `trigger_group` varchar(200) CHARACTER SET utf8mb3 COLLATE utf8mb3_general_ci NOT NULL COMMENT 'и§ҰеҸ‘еҷЁжүҖеұһз»„зҡ„еҗҚеӯ—',
  `job_name` varchar(200) CHARACTER SET utf8mb3 COLLATE utf8mb3_general_ci NOT NULL COMMENT 'qrtz_job_detailsиЎЁjob_nameзҡ„еӨ–й”®',
  `job_group` varchar(200) CHARACTER SET utf8mb3 COLLATE utf8mb3_general_ci NOT NULL COMMENT 'qrtz_job_detailsиЎЁjob_groupзҡ„еӨ–й”®',
  `description` varchar(250) CHARACTER SET utf8mb3 COLLATE utf8mb3_general_ci NULL DEFAULT NULL COMMENT 'зӣёе…ід»Ӣз»Қ',
  `next_fire_time` bigint NULL DEFAULT NULL COMMENT 'дёҠдёҖж¬Ўи§ҰеҸ‘ж—¶й—ҙпјҲжҜ«з§’пјү',
  `prev_fire_time` bigint NULL DEFAULT NULL COMMENT 'дёӢдёҖж¬Ўи§ҰеҸ‘ж—¶й—ҙпјҲй»ҳи®Өдёә-1иЎЁзӨәдёҚи§ҰеҸ‘пјү',
  `priority` int NULL DEFAULT NULL COMMENT 'дјҳе…Ҳзә§',
  `trigger_state` varchar(16) CHARACTER SET utf8mb3 COLLATE utf8mb3_general_ci NOT NULL COMMENT 'и§ҰеҸ‘еҷЁзҠ¶жҖҒ',
  `trigger_type` varchar(8) CHARACTER SET utf8mb3 COLLATE utf8mb3_general_ci NOT NULL COMMENT 'и§ҰеҸ‘еҷЁзҡ„зұ»еһӢ',
  `start_time` bigint NOT NULL COMMENT 'ејҖе§Ӣж—¶й—ҙ',
  `end_time` bigint NULL DEFAULT NULL COMMENT 'з»“жқҹж—¶й—ҙ',
  `calendar_name` varchar(200) CHARACTER SET utf8mb3 COLLATE utf8mb3_general_ci NULL DEFAULT NULL COMMENT 'ж—ҘзЁӢиЎЁеҗҚз§°',
  `misfire_instr` smallint NULL DEFAULT NULL COMMENT 'иЎҘеҒҝжү§иЎҢзҡ„зӯ–з•Ҙ',
  `job_data` blob NULL COMMENT 'еӯҳж”ҫжҢҒд№…еҢ–jobеҜ№иұЎ',
  PRIMARY KEY (`sched_name`, `trigger_name`, `trigger_group`) USING BTREE,
  INDEX `sched_name`(`sched_name` ASC, `job_name` ASC, `job_group` ASC) USING BTREE,
  CONSTRAINT `qrtz_triggers_ibfk_1` FOREIGN KEY (`sched_name`, `job_name`, `job_group`) REFERENCES `qrtz_job_details` (`sched_name`, `job_name`, `job_group`) ON DELETE RESTRICT ON UPDATE RESTRICT
) ENGINE = InnoDB CHARACTER SET = utf8mb3 COLLATE = utf8mb3_general_ci COMMENT = 'и§ҰеҸ‘еҷЁиҜҰз»ҶдҝЎжҒҜиЎЁ' ROW_FORMAT = Dynamic;

-- ----------------------------
-- Records of qrtz_triggers
-- ----------------------------

-- ----------------------------
-- Table structure for sys_config
-- ----------------------------
DROP TABLE IF EXISTS `sys_config`;
CREATE TABLE `sys_config`  (
  `config_id` int NOT NULL AUTO_INCREMENT COMMENT 'еҸӮж•°дё»й”®',
  `config_name` varchar(100) CHARACTER SET utf8mb3 COLLATE utf8mb3_general_ci NULL DEFAULT '' COMMENT 'еҸӮж•°еҗҚз§°',
  `config_key` varchar(100) CHARACTER SET utf8mb3 COLLATE utf8mb3_general_ci NULL DEFAULT '' COMMENT 'еҸӮж•°й”®еҗҚ',
  `config_value` varchar(500) CHARACTER SET utf8mb3 COLLATE utf8mb3_general_ci NULL DEFAULT '' COMMENT 'еҸӮж•°й”®еҖј',
  `config_type` char(1) CHARACTER SET utf8mb3 COLLATE utf8mb3_general_ci NULL DEFAULT 'N' COMMENT 'зі»з»ҹеҶ…зҪ®пјҲYжҳҜ NеҗҰпјү',
  `create_by` varchar(64) CHARACTER SET utf8mb3 COLLATE utf8mb3_general_ci NULL DEFAULT '' COMMENT 'еҲӣе»әиҖ…',
  `create_time` datetime NULL DEFAULT NULL COMMENT 'еҲӣе»әж—¶й—ҙ',
  `update_by` varchar(64) CHARACTER SET utf8mb3 COLLATE utf8mb3_general_ci NULL DEFAULT '' COMMENT 'жӣҙж–°иҖ…',
  `update_time` datetime NULL DEFAULT NULL COMMENT 'жӣҙж–°ж—¶й—ҙ',
  `remark` varchar(500) CHARACTER SET utf8mb3 COLLATE utf8mb3_general_ci NULL DEFAULT NULL COMMENT 'еӨҮжіЁ',
  PRIMARY KEY (`config_id`) USING BTREE
) ENGINE = InnoDB AUTO_INCREMENT = 100 CHARACTER SET = utf8mb3 COLLATE = utf8mb3_general_ci COMMENT = 'еҸӮж•°й…ҚзҪ®иЎЁ' ROW_FORMAT = Dynamic;

-- ----------------------------
-- Records of sys_config
-- ----------------------------
INSERT INTO `sys_config` VALUES (1, 'дё»жЎҶжһ¶йЎө-й»ҳи®Өзҡ®иӮӨж ·ејҸеҗҚз§°', 'sys.index.skinName', 'skin-blue', 'Y', 'admin', '2026-06-11 21:52:01', '', NULL, 'и“қиүІ skin-blueгҖҒз»ҝиүІ skin-greenгҖҒзҙ«иүІ skin-purpleгҖҒзәўиүІ skin-redгҖҒй»„иүІ skin-yellow');
INSERT INTO `sys_config` VALUES (2, 'з”ЁжҲ·з®ЎзҗҶ-иҙҰеҸ·еҲқе§ӢеҜҶз Ғ', 'sys.user.initPassword', '123456', 'Y', 'admin', '2026-06-11 21:52:01', '', NULL, 'еҲқе§ӢеҢ–еҜҶз Ғ 123456');
INSERT INTO `sys_config` VALUES (3, 'дё»жЎҶжһ¶йЎө-дҫ§иҫ№ж Ҹдё»йўҳ', 'sys.index.sideTheme', 'theme-dark', 'Y', 'admin', '2026-06-11 21:52:01', '', NULL, 'ж·ұиүІдё»йўҳtheme-darkпјҢжө…иүІдё»йўҳtheme-light');
INSERT INTO `sys_config` VALUES (4, 'иҙҰеҸ·иҮӘеҠ©-йӘҢиҜҒз ҒејҖе…і', 'sys.account.captchaEnabled', 'true', 'Y', 'admin', '2026-06-11 21:52:01', '', NULL, 'жҳҜеҗҰејҖеҗҜйӘҢиҜҒз ҒеҠҹиғҪпјҲtrueејҖеҗҜпјҢfalseе…ій—ӯпјү');
INSERT INTO `sys_config` VALUES (5, 'иҙҰеҸ·иҮӘеҠ©-жҳҜеҗҰејҖеҗҜз”ЁжҲ·жіЁеҶҢеҠҹиғҪ', 'sys.account.registerUser', 'false', 'Y', 'admin', '2026-06-11 21:52:01', '', NULL, 'жҳҜеҗҰејҖеҗҜжіЁеҶҢз”ЁжҲ·еҠҹиғҪпјҲtrueејҖеҗҜпјҢfalseе…ій—ӯпјү');
INSERT INTO `sys_config` VALUES (6, 'з”ЁжҲ·зҷ»еҪ•-й»‘еҗҚеҚ•еҲ—иЎЁ', 'sys.login.blackIPList', '', 'Y', 'admin', '2026-06-11 21:52:01', '', NULL, 'и®ҫзҪ®зҷ»еҪ•IPй»‘еҗҚеҚ•йҷҗеҲ¶пјҢеӨҡдёӘеҢ№й…ҚйЎ№д»Ҙ;еҲҶйҡ”пјҢж”ҜжҢҒеҢ№й…ҚпјҲ*йҖҡй…ҚгҖҒзҪ‘ж®өпјү');
INSERT INTO `sys_config` VALUES (7, 'з”ЁжҲ·з®ЎзҗҶ-еҲқе§ӢеҜҶз Ғдҝ®ж”№зӯ–з•Ҙ', 'sys.account.initPasswordModify', '1', 'Y', 'admin', '2026-06-11 21:52:01', '', NULL, '0пјҡеҲқе§ӢеҜҶз Ғдҝ®ж”№зӯ–з•Ҙе…ій—ӯпјҢжІЎжңүд»»дҪ•жҸҗзӨәпјҢ1пјҡжҸҗйҶ’з”ЁжҲ·пјҢеҰӮжһңжңӘдҝ®ж”№еҲқе§ӢеҜҶз ҒпјҢеҲҷеңЁзҷ»еҪ•ж—¶е°ұдјҡжҸҗйҶ’дҝ®ж”№еҜҶз ҒеҜ№иҜқжЎҶ');
INSERT INTO `sys_config` VALUES (8, 'з”ЁжҲ·з®ЎзҗҶ-иҙҰеҸ·еҜҶз Ғжӣҙж–°е‘Ёжңҹ', 'sys.account.passwordValidateDays', '0', 'Y', 'admin', '2026-06-11 21:52:01', '', NULL, 'еҜҶз Ғжӣҙж–°е‘ЁжңҹпјҲеЎ«еҶҷж•°еӯ—пјҢж•°жҚ®еҲқе§ӢеҢ–еҖјдёә0дёҚйҷҗеҲ¶пјҢиӢҘдҝ®ж”№еҝ…йЎ»дёәеӨ§дәҺ0е°ҸдәҺ365зҡ„жӯЈж•ҙж•°пјүпјҢеҰӮжһңи¶…иҝҮиҝҷдёӘе‘Ёжңҹзҷ»еҪ•зі»з»ҹж—¶пјҢеҲҷеңЁзҷ»еҪ•ж—¶е°ұдјҡжҸҗйҶ’дҝ®ж”№еҜҶз ҒеҜ№иҜқжЎҶ');
INSERT INTO `sys_config` VALUES (9, 'з”ЁжҲ·з®ЎзҗҶ-еҜҶз Ғеӯ—з¬ҰиҢғеӣҙ', 'sys.account.chrtype', '0', 'Y', 'admin', '2026-06-11 21:52:01', '', NULL, 'й»ҳи®Өд»»ж„Ҹеӯ—з¬ҰиҢғеӣҙпјҢ0д»»ж„ҸпјҲеҜҶз ҒеҸҜд»Ҙиҫ“е…Ҙд»»ж„Ҹеӯ—з¬ҰпјүпјҢ1ж•°еӯ—пјҲеҜҶз ҒеҸӘиғҪдёә0-9ж•°еӯ—пјүпјҢ2иӢұж–Үеӯ—жҜҚпјҲеҜҶз ҒеҸӘиғҪдёәa-zе’ҢA-Zеӯ—жҜҚпјүпјҢ3еӯ—жҜҚе’Ңж•°еӯ—пјҲеҜҶз Ғеҝ…йЎ»еҢ…еҗ«еӯ—жҜҚпјҢж•°еӯ—пјү,4еӯ—жҜҚж•°еӯ—е’Ңзү№ж®Ҡеӯ—з¬ҰпјҲзӣ®еүҚж”ҜжҢҒзҡ„зү№ж®Ҡеӯ—з¬ҰеҢ…жӢ¬пјҡ~!@#$%^&*()-=_+пјү');

-- ----------------------------
-- Table structure for sys_dept
-- ----------------------------
DROP TABLE IF EXISTS `sys_dept`;
CREATE TABLE `sys_dept`  (
  `dept_id` bigint NOT NULL AUTO_INCREMENT COMMENT 'йғЁй—Ёid',
  `parent_id` bigint NULL DEFAULT 0 COMMENT 'зҲ¶йғЁй—Ёid',
  `ancestors` varchar(50) CHARACTER SET utf8mb3 COLLATE utf8mb3_general_ci NULL DEFAULT '' COMMENT 'зҘ–зә§еҲ—иЎЁ',
  `dept_name` varchar(30) CHARACTER SET utf8mb3 COLLATE utf8mb3_general_ci NULL DEFAULT '' COMMENT 'йғЁй—ЁеҗҚз§°',
  `order_num` int NULL DEFAULT 0 COMMENT 'жҳҫзӨәйЎәеәҸ',
  `leader` varchar(20) CHARACTER SET utf8mb3 COLLATE utf8mb3_general_ci NULL DEFAULT NULL COMMENT 'иҙҹиҙЈдәә',
  `phone` varchar(11) CHARACTER SET utf8mb3 COLLATE utf8mb3_general_ci NULL DEFAULT NULL COMMENT 'иҒ”зі»з”өиҜқ',
  `email` varchar(50) CHARACTER SET utf8mb3 COLLATE utf8mb3_general_ci NULL DEFAULT NULL COMMENT 'йӮ®з®ұ',
  `status` char(1) CHARACTER SET utf8mb3 COLLATE utf8mb3_general_ci NULL DEFAULT '0' COMMENT 'йғЁй—ЁзҠ¶жҖҒпјҲ0жӯЈеёё 1еҒңз”Ёпјү',
  `del_flag` char(1) CHARACTER SET utf8mb3 COLLATE utf8mb3_general_ci NULL DEFAULT '0' COMMENT 'еҲ йҷӨж Үеҝ—пјҲ0д»ЈиЎЁеӯҳеңЁ 2д»ЈиЎЁеҲ йҷӨпјү',
  `create_by` varchar(64) CHARACTER SET utf8mb3 COLLATE utf8mb3_general_ci NULL DEFAULT '' COMMENT 'еҲӣе»әиҖ…',
  `create_time` datetime NULL DEFAULT NULL COMMENT 'еҲӣе»әж—¶й—ҙ',
  `update_by` varchar(64) CHARACTER SET utf8mb3 COLLATE utf8mb3_general_ci NULL DEFAULT '' COMMENT 'жӣҙж–°иҖ…',
  `update_time` datetime NULL DEFAULT NULL COMMENT 'жӣҙж–°ж—¶й—ҙ',
  PRIMARY KEY (`dept_id`) USING BTREE
) ENGINE = InnoDB AUTO_INCREMENT = 205 CHARACTER SET = utf8mb3 COLLATE = utf8mb3_general_ci COMMENT = 'йғЁй—ЁиЎЁ' ROW_FORMAT = Dynamic;

-- ----------------------------
-- Records of sys_dept
-- ----------------------------
INSERT INTO `sys_dept` VALUES (100, 0, '0', 'иӢҘдҫқз§‘жҠҖ', 0, 'иӢҘдҫқ', '15888888888', 'ry@qq.com', '0', '0', 'admin', '2026-06-11 21:52:01', '', NULL);
INSERT INTO `sys_dept` VALUES (101, 100, '0,100', 'ж·ұеңіжҖ»е…¬еҸё', 1, 'иӢҘдҫқ', '15888888888', 'ry@qq.com', '0', '0', 'admin', '2026-06-11 21:52:01', '', NULL);
INSERT INTO `sys_dept` VALUES (102, 100, '0,100', 'й•ҝжІҷеҲҶе…¬еҸё', 2, 'иӢҘдҫқ', '15888888888', 'ry@qq.com', '0', '0', 'admin', '2026-06-11 21:52:01', '', NULL);
INSERT INTO `sys_dept` VALUES (103, 101, '0,100,101', 'з ”еҸ‘йғЁй—Ё', 1, 'иӢҘдҫқ', '15888888888', 'ry@qq.com', '0', '0', 'admin', '2026-06-11 21:52:01', '', NULL);
INSERT INTO `sys_dept` VALUES (104, 101, '0,100,101', 'еёӮеңәйғЁй—Ё', 2, 'иӢҘдҫқ', '15888888888', 'ry@qq.com', '0', '0', 'admin', '2026-06-11 21:52:01', '', NULL);
INSERT INTO `sys_dept` VALUES (105, 101, '0,100,101', 'жөӢиҜ•йғЁй—Ё', 3, 'иӢҘдҫқ', '15888888888', 'ry@qq.com', '0', '0', 'admin', '2026-06-11 21:52:01', '', NULL);
INSERT INTO `sys_dept` VALUES (106, 101, '0,100,101', 'иҙўеҠЎйғЁй—Ё', 4, 'иӢҘдҫқ', '15888888888', 'ry@qq.com', '0', '0', 'admin', '2026-06-11 21:52:01', '', NULL);
INSERT INTO `sys_dept` VALUES (107, 101, '0,100,101', 'иҝҗз»ҙйғЁй—Ё', 5, 'иӢҘдҫқ', '15888888888', 'ry@qq.com', '0', '0', 'admin', '2026-06-11 21:52:01', '', NULL);
INSERT INTO `sys_dept` VALUES (108, 102, '0,100,102', 'еёӮеңәйғЁй—Ё', 1, 'иӢҘдҫқ', '15888888888', 'ry@qq.com', '0', '0', 'admin', '2026-06-11 21:52:01', '', NULL);
INSERT INTO `sys_dept` VALUES (109, 102, '0,100,102', 'иҙўеҠЎйғЁй—Ё', 2, 'иӢҘдҫқ', '15888888888', 'ry@qq.com', '0', '0', 'admin', '2026-06-11 21:52:01', '', NULL);
INSERT INTO `sys_dept` VALUES (200, 101, '0,100,101', 'з»ҙдҝ®йғЁй—Ё', 6, 'жқ°ејҹ', NULL, NULL, '0', '0', 'admin', '2026-07-14 20:12:41', '', NULL);
INSERT INTO `sys_dept` VALUES (201, 100, '0,100', 'жҖ»иЈҒеҠһ', 3, '', NULL, NULL, '0', '0', 'admin', '2026-07-14 20:14:19', 'admin', '2026-07-14 20:15:54');
INSERT INTO `sys_dept` VALUES (202, 201, '0,100,201', 'з§ҳд№ҰеӨ„', 0, 'зүӣй©¬', NULL, NULL, '0', '0', 'admin', '2026-07-14 20:15:44', '', NULL);
INSERT INTO `sys_dept` VALUES (203, 100, '0,100', 'е®үдҝқйғЁ', 4, 'жқ°ејҹ', NULL, NULL, '0', '0', 'admin', '2026-07-14 20:16:35', '', NULL);
INSERT INTO `sys_dept` VALUES (204, 203, '0,100,203', 'дёӯеұӮз®ЎзҗҶ', 0, 'жқ°ејҹ', NULL, NULL, '0', '2', 'admin', '2026-07-14 20:17:58', '', NULL);

-- ----------------------------
-- Table structure for sys_dict_data
-- ----------------------------
DROP TABLE IF EXISTS `sys_dict_data`;
CREATE TABLE `sys_dict_data`  (
  `dict_code` bigint NOT NULL AUTO_INCREMENT COMMENT 'еӯ—е…ёзј–з Ғ',
  `dict_sort` int NULL DEFAULT 0 COMMENT 'еӯ—е…ёжҺ’еәҸ',
  `dict_label` varchar(100) CHARACTER SET utf8mb3 COLLATE utf8mb3_general_ci NULL DEFAULT '' COMMENT 'еӯ—е…ёж Үзӯҫ',
  `dict_value` varchar(100) CHARACTER SET utf8mb3 COLLATE utf8mb3_general_ci NULL DEFAULT '' COMMENT 'еӯ—е…ёй”®еҖј',
  `dict_type` varchar(100) CHARACTER SET utf8mb3 COLLATE utf8mb3_general_ci NULL DEFAULT '' COMMENT 'еӯ—е…ёзұ»еһӢ',
  `css_class` varchar(100) CHARACTER SET utf8mb3 COLLATE utf8mb3_general_ci NULL DEFAULT NULL COMMENT 'ж ·ејҸеұһжҖ§пјҲе…¶д»–ж ·ејҸжү©еұ•пјү',
  `list_class` varchar(100) CHARACTER SET utf8mb3 COLLATE utf8mb3_general_ci NULL DEFAULT NULL COMMENT 'иЎЁж јеӣһжҳҫж ·ејҸ',
  `is_default` char(1) CHARACTER SET utf8mb3 COLLATE utf8mb3_general_ci NULL DEFAULT 'N' COMMENT 'жҳҜеҗҰй»ҳи®ӨпјҲYжҳҜ NеҗҰпјү',
  `status` char(1) CHARACTER SET utf8mb3 COLLATE utf8mb3_general_ci NULL DEFAULT '0' COMMENT 'зҠ¶жҖҒпјҲ0жӯЈеёё 1еҒңз”Ёпјү',
  `create_by` varchar(64) CHARACTER SET utf8mb3 COLLATE utf8mb3_general_ci NULL DEFAULT '' COMMENT 'еҲӣе»әиҖ…',
  `create_time` datetime NULL DEFAULT NULL COMMENT 'еҲӣе»әж—¶й—ҙ',
  `update_by` varchar(64) CHARACTER SET utf8mb3 COLLATE utf8mb3_general_ci NULL DEFAULT '' COMMENT 'жӣҙж–°иҖ…',
  `update_time` datetime NULL DEFAULT NULL COMMENT 'жӣҙж–°ж—¶й—ҙ',
  `remark` varchar(500) CHARACTER SET utf8mb3 COLLATE utf8mb3_general_ci NULL DEFAULT NULL COMMENT 'еӨҮжіЁ',
  PRIMARY KEY (`dict_code`) USING BTREE
) ENGINE = InnoDB AUTO_INCREMENT = 102 CHARACTER SET = utf8mb3 COLLATE = utf8mb3_general_ci COMMENT = 'еӯ—е…ёж•°жҚ®иЎЁ' ROW_FORMAT = Dynamic;

-- ----------------------------
-- Records of sys_dict_data
-- ----------------------------
INSERT INTO `sys_dict_data` VALUES (1, 1, 'з”·', '0', 'sys_user_sex', '', '', 'Y', '0', 'admin', '2026-06-11 21:52:01', '', NULL, 'жҖ§еҲ«з”·');
INSERT INTO `sys_dict_data` VALUES (2, 2, 'еҘі', '1', 'sys_user_sex', '', '', 'N', '0', 'admin', '2026-06-11 21:52:01', '', NULL, 'жҖ§еҲ«еҘі');
INSERT INTO `sys_dict_data` VALUES (3, 3, 'жңӘзҹҘ', '2', 'sys_user_sex', '', '', 'N', '0', 'admin', '2026-06-11 21:52:01', '', NULL, 'жҖ§еҲ«жңӘзҹҘ');
INSERT INTO `sys_dict_data` VALUES (4, 1, 'жҳҫзӨә', '0', 'sys_show_hide', '', 'primary', 'Y', '0', 'admin', '2026-06-11 21:52:01', '', NULL, 'жҳҫзӨәиҸңеҚ•');
INSERT INTO `sys_dict_data` VALUES (5, 2, 'йҡҗи—Ҹ', '1', 'sys_show_hide', '', 'danger', 'N', '0', 'admin', '2026-06-11 21:52:01', '', NULL, 'йҡҗи—ҸиҸңеҚ•');
INSERT INTO `sys_dict_data` VALUES (6, 1, 'жӯЈеёё', '0', 'sys_normal_disable', '', 'primary', 'Y', '0', 'admin', '2026-06-11 21:52:01', '', NULL, 'жӯЈеёёзҠ¶жҖҒ');
INSERT INTO `sys_dict_data` VALUES (7, 2, 'еҒңз”Ё', '1', 'sys_normal_disable', '', 'danger', 'N', '0', 'admin', '2026-06-11 21:52:01', '', NULL, 'еҒңз”ЁзҠ¶жҖҒ');
INSERT INTO `sys_dict_data` VALUES (8, 1, 'жӯЈеёё', '0', 'sys_job_status', '', 'primary', 'Y', '0', 'admin', '2026-06-11 21:52:01', '', NULL, 'жӯЈеёёзҠ¶жҖҒ');
INSERT INTO `sys_dict_data` VALUES (9, 2, 'жҡӮеҒң', '1', 'sys_job_status', '', 'danger', 'N', '0', 'admin', '2026-06-11 21:52:01', '', NULL, 'еҒңз”ЁзҠ¶жҖҒ');
INSERT INTO `sys_dict_data` VALUES (10, 1, 'й»ҳи®Ө', 'DEFAULT', 'sys_job_group', '', '', 'Y', '0', 'admin', '2026-06-11 21:52:01', '', NULL, 'й»ҳи®ӨеҲҶз»„');
INSERT INTO `sys_dict_data` VALUES (11, 2, 'зі»з»ҹ', 'SYSTEM', 'sys_job_group', '', '', 'N', '0', 'admin', '2026-06-11 21:52:01', '', NULL, 'зі»з»ҹеҲҶз»„');
INSERT INTO `sys_dict_data` VALUES (12, 1, 'жҳҜ', 'Y', 'sys_yes_no', '', 'primary', 'Y', '0', 'admin', '2026-06-11 21:52:01', '', NULL, 'зі»з»ҹй»ҳи®ӨжҳҜ');
INSERT INTO `sys_dict_data` VALUES (13, 2, 'еҗҰ', 'N', 'sys_yes_no', '', 'danger', 'N', '0', 'admin', '2026-06-11 21:52:01', '', NULL, 'зі»з»ҹй»ҳи®ӨеҗҰ');
INSERT INTO `sys_dict_data` VALUES (14, 1, 'йҖҡзҹҘ', '1', 'sys_notice_type', '', 'warning', 'Y', '0', 'admin', '2026-06-11 21:52:01', '', NULL, 'йҖҡзҹҘ');
INSERT INTO `sys_dict_data` VALUES (15, 2, 'е…¬е‘Ҡ', '2', 'sys_notice_type', '', 'success', 'N', '0', 'admin', '2026-06-11 21:52:01', '', NULL, 'е…¬е‘Ҡ');
INSERT INTO `sys_dict_data` VALUES (16, 1, 'жӯЈеёё', '0', 'sys_notice_status', '', 'primary', 'Y', '0', 'admin', '2026-06-11 21:52:01', '', NULL, 'жӯЈеёёзҠ¶жҖҒ');
INSERT INTO `sys_dict_data` VALUES (17, 2, 'е…ій—ӯ', '1', 'sys_notice_status', '', 'danger', 'N', '0', 'admin', '2026-06-11 21:52:01', '', NULL, 'е…ій—ӯзҠ¶жҖҒ');
INSERT INTO `sys_dict_data` VALUES (18, 99, 'е…¶д»–', '0', 'sys_oper_type', '', 'info', 'N', '0', 'admin', '2026-06-11 21:52:01', '', NULL, 'е…¶д»–ж“ҚдҪң');
INSERT INTO `sys_dict_data` VALUES (19, 1, 'ж–°еўһ', '1', 'sys_oper_type', '', 'info', 'N', '0', 'admin', '2026-06-11 21:52:01', '', NULL, 'ж–°еўһж“ҚдҪң');
INSERT INTO `sys_dict_data` VALUES (20, 2, 'дҝ®ж”№', '2', 'sys_oper_type', '', 'info', 'N', '0', 'admin', '2026-06-11 21:52:01', '', NULL, 'дҝ®ж”№ж“ҚдҪң');
INSERT INTO `sys_dict_data` VALUES (21, 3, 'еҲ йҷӨ', '3', 'sys_oper_type', '', 'danger', 'N', '0', 'admin', '2026-06-11 21:52:01', '', NULL, 'еҲ йҷӨж“ҚдҪң');
INSERT INTO `sys_dict_data` VALUES (22, 4, 'жҺҲжқғ', '4', 'sys_oper_type', '', 'primary', 'N', '0', 'admin', '2026-06-11 21:52:01', '', NULL, 'жҺҲжқғж“ҚдҪң');
INSERT INTO `sys_dict_data` VALUES (23, 5, 'еҜјеҮә', '5', 'sys_oper_type', '', 'warning', 'N', '0', 'admin', '2026-06-11 21:52:01', '', NULL, 'еҜјеҮәж“ҚдҪң');
INSERT INTO `sys_dict_data` VALUES (24, 6, 'еҜје…Ҙ', '6', 'sys_oper_type', '', 'warning', 'N', '0', 'admin', '2026-06-11 21:52:01', '', NULL, 'еҜје…Ҙж“ҚдҪң');
INSERT INTO `sys_dict_data` VALUES (25, 7, 'ејәйҖҖ', '7', 'sys_oper_type', '', 'danger', 'N', '0', 'admin', '2026-06-11 21:52:01', '', NULL, 'ејәйҖҖж“ҚдҪң');
INSERT INTO `sys_dict_data` VALUES (26, 8, 'з”ҹжҲҗд»Јз Ғ', '8', 'sys_oper_type', '', 'warning', 'N', '0', 'admin', '2026-06-11 21:52:01', '', NULL, 'з”ҹжҲҗж“ҚдҪң');
INSERT INTO `sys_dict_data` VALUES (27, 9, 'жё…з©әж•°жҚ®', '9', 'sys_oper_type', '', 'danger', 'N', '0', 'admin', '2026-06-11 21:52:01', '', NULL, 'жё…з©әж“ҚдҪң');
INSERT INTO `sys_dict_data` VALUES (28, 1, 'жҲҗеҠҹ', '0', 'sys_common_status', '', 'primary', 'N', '0', 'admin', '2026-06-11 21:52:01', '', NULL, 'жӯЈеёёзҠ¶жҖҒ');
INSERT INTO `sys_dict_data` VALUES (29, 2, 'еӨұиҙҘ', '1', 'sys_common_status', '', 'danger', 'N', '0', 'admin', '2026-06-11 21:52:01', '', NULL, 'еҒңз”ЁзҠ¶жҖҒ');
INSERT INTO `sys_dict_data` VALUES (100, 1, 'и®ЎйҮҸеҚ•дҪҚ', '0', 'asset_unit_type', '', 'primary', 'Y', '0', 'admin', '2026-06-28 12:05:18', '', NULL, 'и®ЎйҮҸеҚ•дҪҚ');
INSERT INTO `sys_dict_data` VALUES (101, 2, 'е°әеҜёеҚ•дҪҚ', '1', 'asset_unit_type', '', 'info', 'N', '0', 'admin', '2026-06-28 12:05:18', '', NULL, 'е°әеҜёеҚ•дҪҚ');

-- ----------------------------
-- Table structure for sys_dict_type
-- ----------------------------
DROP TABLE IF EXISTS `sys_dict_type`;
CREATE TABLE `sys_dict_type`  (
  `dict_id` bigint NOT NULL AUTO_INCREMENT COMMENT 'еӯ—е…ёдё»й”®',
  `dict_name` varchar(100) CHARACTER SET utf8mb3 COLLATE utf8mb3_general_ci NULL DEFAULT '' COMMENT 'еӯ—е…ёеҗҚз§°',
  `dict_type` varchar(100) CHARACTER SET utf8mb3 COLLATE utf8mb3_general_ci NULL DEFAULT '' COMMENT 'еӯ—е…ёзұ»еһӢ',
  `status` char(1) CHARACTER SET utf8mb3 COLLATE utf8mb3_general_ci NULL DEFAULT '0' COMMENT 'зҠ¶жҖҒпјҲ0жӯЈеёё 1еҒңз”Ёпјү',
  `create_by` varchar(64) CHARACTER SET utf8mb3 COLLATE utf8mb3_general_ci NULL DEFAULT '' COMMENT 'еҲӣе»әиҖ…',
  `create_time` datetime NULL DEFAULT NULL COMMENT 'еҲӣе»әж—¶й—ҙ',
  `update_by` varchar(64) CHARACTER SET utf8mb3 COLLATE utf8mb3_general_ci NULL DEFAULT '' COMMENT 'жӣҙж–°иҖ…',
  `update_time` datetime NULL DEFAULT NULL COMMENT 'жӣҙж–°ж—¶й—ҙ',
  `remark` varchar(500) CHARACTER SET utf8mb3 COLLATE utf8mb3_general_ci NULL DEFAULT NULL COMMENT 'еӨҮжіЁ',
  PRIMARY KEY (`dict_id`) USING BTREE,
  UNIQUE INDEX `dict_type`(`dict_type` ASC) USING BTREE
) ENGINE = InnoDB AUTO_INCREMENT = 101 CHARACTER SET = utf8mb3 COLLATE = utf8mb3_general_ci COMMENT = 'еӯ—е…ёзұ»еһӢиЎЁ' ROW_FORMAT = Dynamic;

-- ----------------------------
-- Records of sys_dict_type
-- ----------------------------
INSERT INTO `sys_dict_type` VALUES (1, 'з”ЁжҲ·жҖ§еҲ«', 'sys_user_sex', '0', 'admin', '2026-06-11 21:52:01', '', NULL, 'з”ЁжҲ·жҖ§еҲ«еҲ—иЎЁ');
INSERT INTO `sys_dict_type` VALUES (2, 'иҸңеҚ•зҠ¶жҖҒ', 'sys_show_hide', '0', 'admin', '2026-06-11 21:52:01', '', NULL, 'иҸңеҚ•зҠ¶жҖҒеҲ—иЎЁ');
INSERT INTO `sys_dict_type` VALUES (3, 'зі»з»ҹејҖе…і', 'sys_normal_disable', '0', 'admin', '2026-06-11 21:52:01', '', NULL, 'зі»з»ҹејҖе…іеҲ—иЎЁ');
INSERT INTO `sys_dict_type` VALUES (4, 'д»»еҠЎзҠ¶жҖҒ', 'sys_job_status', '0', 'admin', '2026-06-11 21:52:01', '', NULL, 'д»»еҠЎзҠ¶жҖҒеҲ—иЎЁ');
INSERT INTO `sys_dict_type` VALUES (5, 'д»»еҠЎеҲҶз»„', 'sys_job_group', '0', 'admin', '2026-06-11 21:52:01', '', NULL, 'д»»еҠЎеҲҶз»„еҲ—иЎЁ');
INSERT INTO `sys_dict_type` VALUES (6, 'зі»з»ҹжҳҜеҗҰ', 'sys_yes_no', '0', 'admin', '2026-06-11 21:52:01', '', NULL, 'зі»з»ҹжҳҜеҗҰеҲ—иЎЁ');
INSERT INTO `sys_dict_type` VALUES (7, 'йҖҡзҹҘзұ»еһӢ', 'sys_notice_type', '0', 'admin', '2026-06-11 21:52:01', '', NULL, 'йҖҡзҹҘзұ»еһӢеҲ—иЎЁ');
INSERT INTO `sys_dict_type` VALUES (8, 'йҖҡзҹҘзҠ¶жҖҒ', 'sys_notice_status', '0', 'admin', '2026-06-11 21:52:01', '', NULL, 'йҖҡзҹҘзҠ¶жҖҒеҲ—иЎЁ');
INSERT INTO `sys_dict_type` VALUES (9, 'ж“ҚдҪңзұ»еһӢ', 'sys_oper_type', '0', 'admin', '2026-06-11 21:52:01', '', NULL, 'ж“ҚдҪңзұ»еһӢеҲ—иЎЁ');
INSERT INTO `sys_dict_type` VALUES (10, 'зі»з»ҹзҠ¶жҖҒ', 'sys_common_status', '0', 'admin', '2026-06-11 21:52:01', '', NULL, 'зҷ»еҪ•зҠ¶жҖҒеҲ—иЎЁ');
INSERT INTO `sys_dict_type` VALUES (100, 'иө„дә§еҚ•дҪҚзұ»еһӢ', 'asset_unit_type', '0', 'admin', '2026-06-28 12:05:18', '', NULL, 'иө„дә§еҚ•дҪҚзұ»еһӢ');

-- ----------------------------
-- Table structure for sys_job
-- ----------------------------
DROP TABLE IF EXISTS `sys_job`;
CREATE TABLE `sys_job`  (
  `job_id` bigint NOT NULL AUTO_INCREMENT COMMENT 'д»»еҠЎID',
  `job_name` varchar(64) CHARACTER SET utf8mb3 COLLATE utf8mb3_general_ci NOT NULL DEFAULT '' COMMENT 'д»»еҠЎеҗҚз§°',
  `job_group` varchar(64) CHARACTER SET utf8mb3 COLLATE utf8mb3_general_ci NOT NULL DEFAULT 'DEFAULT' COMMENT 'д»»еҠЎз»„еҗҚ',
  `invoke_target` varchar(500) CHARACTER SET utf8mb3 COLLATE utf8mb3_general_ci NOT NULL COMMENT 'и°ғз”Ёзӣ®ж Үеӯ—з¬ҰдёІ',
  `cron_expression` varchar(255) CHARACTER SET utf8mb3 COLLATE utf8mb3_general_ci NULL DEFAULT '' COMMENT 'cronжү§иЎҢиЎЁиҫҫејҸ',
  `misfire_policy` varchar(20) CHARACTER SET utf8mb3 COLLATE utf8mb3_general_ci NULL DEFAULT '3' COMMENT 'и®ЎеҲ’жү§иЎҢй”ҷиҜҜзӯ–з•ҘпјҲ1з«ӢеҚіжү§иЎҢ 2жү§иЎҢдёҖж¬Ў 3ж”ҫејғжү§иЎҢпјү',
  `concurrent` char(1) CHARACTER SET utf8mb3 COLLATE utf8mb3_general_ci NULL DEFAULT '1' COMMENT 'жҳҜеҗҰе№¶еҸ‘жү§иЎҢпјҲ0е…Ғи®ё 1зҰҒжӯўпјү',
  `status` char(1) CHARACTER SET utf8mb3 COLLATE utf8mb3_general_ci NULL DEFAULT '0' COMMENT 'зҠ¶жҖҒпјҲ0жӯЈеёё 1жҡӮеҒңпјү',
  `create_by` varchar(64) CHARACTER SET utf8mb3 COLLATE utf8mb3_general_ci NULL DEFAULT '' COMMENT 'еҲӣе»әиҖ…',
  `create_time` datetime NULL DEFAULT NULL COMMENT 'еҲӣе»әж—¶й—ҙ',
  `update_by` varchar(64) CHARACTER SET utf8mb3 COLLATE utf8mb3_general_ci NULL DEFAULT '' COMMENT 'жӣҙж–°иҖ…',
  `update_time` datetime NULL DEFAULT NULL COMMENT 'жӣҙж–°ж—¶й—ҙ',
  `remark` varchar(500) CHARACTER SET utf8mb3 COLLATE utf8mb3_general_ci NULL DEFAULT '' COMMENT 'еӨҮжіЁдҝЎжҒҜ',
  PRIMARY KEY (`job_id`, `job_name`, `job_group`) USING BTREE
) ENGINE = InnoDB AUTO_INCREMENT = 100 CHARACTER SET = utf8mb3 COLLATE = utf8mb3_general_ci COMMENT = 'е®ҡж—¶д»»еҠЎи°ғеәҰиЎЁ' ROW_FORMAT = Dynamic;

-- ----------------------------
-- Records of sys_job
-- ----------------------------
INSERT INTO `sys_job` VALUES (1, 'зі»з»ҹй»ҳи®ӨпјҲж— еҸӮпјү', 'DEFAULT', 'ryTask.ryNoParams', '0/10 * * * * ?', '3', '1', '1', 'admin', '2026-06-11 21:52:01', '', NULL, '');
INSERT INTO `sys_job` VALUES (2, 'зі»з»ҹй»ҳи®ӨпјҲжңүеҸӮпјү', 'DEFAULT', 'ryTask.ryParams(\'ry\')', '0/15 * * * * ?', '3', '1', '1', 'admin', '2026-06-11 21:52:01', '', NULL, '');
INSERT INTO `sys_job` VALUES (3, 'зі»з»ҹй»ҳи®ӨпјҲеӨҡеҸӮпјү', 'DEFAULT', 'ryTask.ryMultipleParams(\'ry\', true, 2000L, 316.50D, 100)', '0/20 * * * * ?', '3', '1', '1', 'admin', '2026-06-11 21:52:01', '', NULL, '');

-- ----------------------------
-- Table structure for sys_job_log
-- ----------------------------
DROP TABLE IF EXISTS `sys_job_log`;
CREATE TABLE `sys_job_log`  (
  `job_log_id` bigint NOT NULL AUTO_INCREMENT COMMENT 'д»»еҠЎж—Ҙеҝ—ID',
  `job_name` varchar(64) CHARACTER SET utf8mb3 COLLATE utf8mb3_general_ci NOT NULL COMMENT 'д»»еҠЎеҗҚз§°',
  `job_group` varchar(64) CHARACTER SET utf8mb3 COLLATE utf8mb3_general_ci NOT NULL COMMENT 'д»»еҠЎз»„еҗҚ',
  `invoke_target` varchar(500) CHARACTER SET utf8mb3 COLLATE utf8mb3_general_ci NOT NULL COMMENT 'и°ғз”Ёзӣ®ж Үеӯ—з¬ҰдёІ',
  `job_message` varchar(500) CHARACTER SET utf8mb3 COLLATE utf8mb3_general_ci NULL DEFAULT NULL COMMENT 'ж—Ҙеҝ—дҝЎжҒҜ',
  `status` char(1) CHARACTER SET utf8mb3 COLLATE utf8mb3_general_ci NULL DEFAULT '0' COMMENT 'жү§иЎҢзҠ¶жҖҒпјҲ0жӯЈеёё 1еӨұиҙҘпјү',
  `exception_info` varchar(2000) CHARACTER SET utf8mb3 COLLATE utf8mb3_general_ci NULL DEFAULT '' COMMENT 'ејӮеёёдҝЎжҒҜ',
  `start_time` datetime NULL DEFAULT NULL COMMENT 'жү§иЎҢејҖе§Ӣж—¶й—ҙ',
  `end_time` datetime NULL DEFAULT NULL COMMENT 'жү§иЎҢз»“жқҹж—¶й—ҙ',
  `create_time` datetime NULL DEFAULT NULL COMMENT 'еҲӣе»әж—¶й—ҙ',
  PRIMARY KEY (`job_log_id`) USING BTREE
) ENGINE = InnoDB AUTO_INCREMENT = 1 CHARACTER SET = utf8mb3 COLLATE = utf8mb3_general_ci COMMENT = 'е®ҡж—¶д»»еҠЎи°ғеәҰж—Ҙеҝ—иЎЁ' ROW_FORMAT = Dynamic;

-- ----------------------------
-- Records of sys_job_log
-- ----------------------------

-- ----------------------------
-- Table structure for sys_logininfor
-- ----------------------------
DROP TABLE IF EXISTS `sys_logininfor`;
CREATE TABLE `sys_logininfor`  (
  `info_id` bigint NOT NULL AUTO_INCREMENT COMMENT 'и®ҝй—®ID',
  `user_name` varchar(50) CHARACTER SET utf8mb3 COLLATE utf8mb3_general_ci NULL DEFAULT '' COMMENT 'з”ЁжҲ·иҙҰеҸ·',
  `ipaddr` varchar(128) CHARACTER SET utf8mb3 COLLATE utf8mb3_general_ci NULL DEFAULT '' COMMENT 'зҷ»еҪ•IPең°еқҖ',
  `login_location` varchar(255) CHARACTER SET utf8mb3 COLLATE utf8mb3_general_ci NULL DEFAULT '' COMMENT 'зҷ»еҪ•ең°зӮ№',
  `browser` varchar(50) CHARACTER SET utf8mb3 COLLATE utf8mb3_general_ci NULL DEFAULT '' COMMENT 'жөҸи§ҲеҷЁзұ»еһӢ',
  `os` varchar(50) CHARACTER SET utf8mb3 COLLATE utf8mb3_general_ci NULL DEFAULT '' COMMENT 'ж“ҚдҪңзі»з»ҹ',
  `status` char(1) CHARACTER SET utf8mb3 COLLATE utf8mb3_general_ci NULL DEFAULT '0' COMMENT 'зҷ»еҪ•зҠ¶жҖҒпјҲ0жҲҗеҠҹ 1еӨұиҙҘпјү',
  `msg` varchar(255) CHARACTER SET utf8mb3 COLLATE utf8mb3_general_ci NULL DEFAULT '' COMMENT 'жҸҗзӨәж¶ҲжҒҜ',
  `login_time` datetime NULL DEFAULT NULL COMMENT 'и®ҝй—®ж—¶й—ҙ',
  PRIMARY KEY (`info_id`) USING BTREE,
  INDEX `idx_sys_logininfor_s`(`status` ASC) USING BTREE,
  INDEX `idx_sys_logininfor_lt`(`login_time` ASC) USING BTREE
) ENGINE = InnoDB AUTO_INCREMENT = 185 CHARACTER SET = utf8mb3 COLLATE = utf8mb3_general_ci COMMENT = 'зі»з»ҹи®ҝй—®и®°еҪ•' ROW_FORMAT = Dynamic;

-- ----------------------------
-- Records of sys_logininfor
-- ----------------------------
INSERT INTO `sys_logininfor` VALUES (100, 'admin', '127.0.0.1', 'еҶ…зҪ‘IP', 'Edge 135', 'Windows >=10', '0', 'зҷ»еҪ•жҲҗеҠҹ', '2026-06-13 20:16:00');
INSERT INTO `sys_logininfor` VALUES (101, 'admin', '10.176.192.44', 'еҶ…зҪ‘IP', 'Edge 135', 'Windows >=10', '0', 'зҷ»еҪ•жҲҗеҠҹ', '2026-06-13 20:30:02');
INSERT INTO `sys_logininfor` VALUES (102, 'admin', '10.176.192.44', 'еҶ…зҪ‘IP', 'Edge 135', 'Windows >=10', '0', 'зҷ»еҪ•жҲҗеҠҹ', '2026-06-13 21:28:19');
INSERT INTO `sys_logininfor` VALUES (103, 'admin', '10.176.192.44', 'еҶ…зҪ‘IP', 'Edge 135', 'Windows >=10', '0', 'зҷ»еҪ•жҲҗеҠҹ', '2026-06-13 22:01:54');
INSERT INTO `sys_logininfor` VALUES (104, 'admin', '127.0.0.1', 'еҶ…зҪ‘IP', 'Edge 135', 'Windows >=10', '0', 'зҷ»еҪ•жҲҗеҠҹ', '2026-06-14 20:43:37');
INSERT INTO `sys_logininfor` VALUES (105, 'admin', '127.0.0.1', 'еҶ…зҪ‘IP', 'Edge 135', 'Windows >=10', '0', 'зҷ»еҪ•жҲҗеҠҹ', '2026-06-14 23:15:14');
INSERT INTO `sys_logininfor` VALUES (106, 'admin', '10.39.148.92', 'еҶ…зҪ‘IP', 'Edge 135', 'Windows >=10', '0', 'зҷ»еҪ•жҲҗеҠҹ', '2026-06-15 16:03:13');
INSERT INTO `sys_logininfor` VALUES (107, 'admin', '127.0.0.1', 'еҶ…зҪ‘IP', 'Edge 135', 'Windows >=10', '0', 'зҷ»еҪ•жҲҗеҠҹ', '2026-06-16 17:32:59');
INSERT INTO `sys_logininfor` VALUES (108, 'admin', '127.0.0.1', 'еҶ…зҪ‘IP', 'Edge 135', 'Windows >=10', '0', 'зҷ»еҪ•жҲҗеҠҹ', '2026-06-17 22:57:23');
INSERT INTO `sys_logininfor` VALUES (109, 'admin', '127.0.0.1', 'еҶ…зҪ‘IP', 'Edge 135', 'Windows >=10', '0', 'зҷ»еҪ•жҲҗеҠҹ', '2026-06-18 23:08:02');
INSERT INTO `sys_logininfor` VALUES (110, 'admin', '127.0.0.1', 'еҶ…зҪ‘IP', 'Edge 135', 'Windows >=10', '0', 'зҷ»еҪ•жҲҗеҠҹ', '2026-06-20 14:53:23');
INSERT INTO `sys_logininfor` VALUES (111, 'admin', '127.0.0.1', 'еҶ…зҪ‘IP', 'Edge 135', 'Windows >=10', '0', 'йҖҖеҮәжҲҗеҠҹ', '2026-06-20 16:45:27');
INSERT INTO `sys_logininfor` VALUES (112, 'admin', '10.39.153.2', 'еҶ…зҪ‘IP', 'Edge 135', 'Windows >=10', '0', 'зҷ»еҪ•жҲҗеҠҹ', '2026-06-20 16:45:30');
INSERT INTO `sys_logininfor` VALUES (113, 'admin', '10.39.153.2', 'еҶ…зҪ‘IP', 'Edge 135', 'Windows >=10', '0', 'зҷ»еҪ•жҲҗеҠҹ', '2026-06-22 15:53:24');
INSERT INTO `sys_logininfor` VALUES (114, 'admin', '10.39.153.2', 'еҶ…зҪ‘IP', 'Edge 135', 'Windows >=10', '0', 'зҷ»еҪ•жҲҗеҠҹ', '2026-06-22 17:44:59');
INSERT INTO `sys_logininfor` VALUES (115, 'admin', '127.0.0.1', 'еҶ…зҪ‘IP', 'Edge 135', 'Windows >=10', '0', 'зҷ»еҪ•жҲҗеҠҹ', '2026-06-23 16:27:36');
INSERT INTO `sys_logininfor` VALUES (116, 'admin', '10.39.153.2', 'еҶ…зҪ‘IP', 'Edge 135', 'Windows >=10', '0', 'зҷ»еҪ•жҲҗеҠҹ', '2026-06-23 17:10:15');
INSERT INTO `sys_logininfor` VALUES (117, 'admin', '10.39.132.110', 'еҶ…зҪ‘IP', 'Edge 135', 'Windows >=10', '0', 'зҷ»еҪ•жҲҗеҠҹ', '2026-06-28 10:47:44');
INSERT INTO `sys_logininfor` VALUES (118, 'admin', '10.39.135.188', 'еҶ…зҪ‘IP', 'Edge 135', 'Windows >=10', '0', 'зҷ»еҪ•жҲҗеҠҹ', '2026-06-28 16:22:34');
INSERT INTO `sys_logininfor` VALUES (119, 'admin', '10.39.135.188', 'еҶ…зҪ‘IP', 'Edge 135', 'Windows >=10', '0', 'зҷ»еҪ•жҲҗеҠҹ', '2026-06-28 17:46:01');
INSERT INTO `sys_logininfor` VALUES (120, 'admin', '10.39.135.188', 'еҶ…зҪ‘IP', 'Edge 135', 'Windows >=10', '0', 'зҷ»еҪ•жҲҗеҠҹ', '2026-06-28 19:34:04');
INSERT INTO `sys_logininfor` VALUES (121, 'admin', '127.0.0.1', 'еҶ…зҪ‘IP', 'Edge 135', 'Windows >=10', '0', 'зҷ»еҪ•жҲҗеҠҹ', '2026-06-28 20:32:37');
INSERT INTO `sys_logininfor` VALUES (122, 'admin', '192.168.1.9', 'еҶ…зҪ‘IP', 'Edge 135', 'Windows >=10', '0', 'зҷ»еҪ•жҲҗеҠҹ', '2026-07-08 08:28:23');
INSERT INTO `sys_logininfor` VALUES (123, 'admin', '10.176.192.44', 'еҶ…зҪ‘IP', 'Edge 135', 'Windows >=10', '0', 'зҷ»еҪ•жҲҗеҠҹ', '2026-07-08 09:02:12');
INSERT INTO `sys_logininfor` VALUES (124, 'admin', '127.0.0.1', 'еҶ…зҪ‘IP', 'Edge 135', 'Windows >=10', '0', 'зҷ»еҪ•жҲҗеҠҹ', '2026-07-08 10:13:44');
INSERT INTO `sys_logininfor` VALUES (125, 'admin', '127.0.0.1', 'еҶ…зҪ‘IP', 'Edge 135', 'Windows >=10', '0', 'зҷ»еҪ•жҲҗеҠҹ', '2026-07-08 10:47:15');
INSERT INTO `sys_logininfor` VALUES (126, 'admin', '127.0.0.1', 'еҶ…зҪ‘IP', 'Edge 135', 'Windows >=10', '0', 'зҷ»еҪ•жҲҗеҠҹ', '2026-07-08 15:23:14');
INSERT INTO `sys_logininfor` VALUES (127, 'admin', '127.0.0.1', 'еҶ…зҪ‘IP', 'Edge 135', 'Windows >=10', '0', 'йҖҖеҮәжҲҗеҠҹ', '2026-07-08 15:28:15');
INSERT INTO `sys_logininfor` VALUES (128, 'admin', '192.168.1.9', 'еҶ…зҪ‘IP', 'Edge 135', 'Windows >=10', '0', 'зҷ»еҪ•жҲҗеҠҹ', '2026-07-08 15:29:04');
INSERT INTO `sys_logininfor` VALUES (129, 'admin', '127.0.0.1', 'еҶ…зҪ‘IP', 'Edge 135', 'Windows >=10', '1', 'йӘҢиҜҒз Ғй”ҷиҜҜ', '2026-07-08 17:09:16');
INSERT INTO `sys_logininfor` VALUES (130, 'admin', '127.0.0.1', 'еҶ…зҪ‘IP', 'Edge 135', 'Windows >=10', '0', 'зҷ»еҪ•жҲҗеҠҹ', '2026-07-08 17:09:18');
INSERT INTO `sys_logininfor` VALUES (131, 'admin', '192.168.1.9', 'еҶ…зҪ‘IP', 'Edge 135', 'Windows >=10', '0', 'зҷ»еҪ•жҲҗеҠҹ', '2026-07-08 21:13:39');
INSERT INTO `sys_logininfor` VALUES (132, 'admin', '192.168.1.9', 'еҶ…зҪ‘IP', 'Edge 135', 'Windows >=10', '0', 'зҷ»еҪ•жҲҗеҠҹ', '2026-07-08 22:09:59');
INSERT INTO `sys_logininfor` VALUES (133, 'admin', '192.168.1.9', 'еҶ…зҪ‘IP', 'Edge 135', 'Windows >=10', '0', 'зҷ»еҪ•жҲҗеҠҹ', '2026-07-08 23:05:47');
INSERT INTO `sys_logininfor` VALUES (134, 'admin', '192.168.1.9', 'еҶ…зҪ‘IP', 'Edge 135', 'Windows >=10', '1', 'йӘҢиҜҒз Ғй”ҷиҜҜ', '2026-07-09 10:12:39');
INSERT INTO `sys_logininfor` VALUES (135, 'admin', '192.168.1.9', 'еҶ…зҪ‘IP', 'Edge 135', 'Windows >=10', '0', 'зҷ»еҪ•жҲҗеҠҹ', '2026-07-09 10:12:39');
INSERT INTO `sys_logininfor` VALUES (136, 'admin', '192.168.1.9', 'еҶ…зҪ‘IP', 'Edge 135', 'Windows >=10', '0', 'зҷ»еҪ•жҲҗеҠҹ', '2026-07-09 11:23:53');
INSERT INTO `sys_logininfor` VALUES (137, 'admin', '192.168.1.9', 'еҶ…зҪ‘IP', 'Edge 135', 'Windows >=10', '0', 'зҷ»еҪ•жҲҗеҠҹ', '2026-07-09 14:53:20');
INSERT INTO `sys_logininfor` VALUES (138, 'admin', '127.0.0.1', 'еҶ…зҪ‘IP', 'Edge 135', 'Windows >=10', '0', 'зҷ»еҪ•жҲҗеҠҹ', '2026-07-13 16:25:36');
INSERT INTO `sys_logininfor` VALUES (139, 'admin', '127.0.0.1', 'еҶ…зҪ‘IP', 'Edge 135', 'Windows >=10', '0', 'йҖҖеҮәжҲҗеҠҹ', '2026-07-13 16:34:13');
INSERT INTO `sys_logininfor` VALUES (140, 'admin', '127.0.0.1', 'еҶ…зҪ‘IP', 'Edge 135', 'Windows >=10', '0', 'зҷ»еҪ•жҲҗеҠҹ', '2026-07-13 16:34:48');
INSERT INTO `sys_logininfor` VALUES (141, 'admin', '127.0.0.1', 'еҶ…зҪ‘IP', 'Edge 135', 'Windows >=10', '0', 'зҷ»еҪ•жҲҗеҠҹ', '2026-07-13 21:10:41');
INSERT INTO `sys_logininfor` VALUES (142, 'admin', '127.0.0.1', 'еҶ…зҪ‘IP', 'Edge 135', 'Windows >=10', '0', 'йҖҖеҮәжҲҗеҠҹ', '2026-07-13 21:48:12');
INSERT INTO `sys_logininfor` VALUES (143, 'dyx', '127.0.0.1', 'еҶ…зҪ‘IP', 'Edge 135', 'Windows >=10', '0', 'зҷ»еҪ•жҲҗеҠҹ', '2026-07-13 21:49:10');
INSERT INTO `sys_logininfor` VALUES (144, 'dyx', '127.0.0.1', 'еҶ…зҪ‘IP', 'Edge 135', 'Windows >=10', '0', 'зҷ»еҪ•жҲҗеҠҹ', '2026-07-13 22:44:28');
INSERT INTO `sys_logininfor` VALUES (145, 'dyx', '127.0.0.1', 'еҶ…зҪ‘IP', 'Edge 135', 'Windows >=10', '0', 'зҷ»еҪ•жҲҗеҠҹ', '2026-07-13 22:51:41');
INSERT INTO `sys_logininfor` VALUES (146, 'dyx', '127.0.0.1', 'еҶ…зҪ‘IP', 'Edge 135', 'Windows >=10', '0', 'йҖҖеҮәжҲҗеҠҹ', '2026-07-13 23:00:01');
INSERT INTO `sys_logininfor` VALUES (147, 'admin', '127.0.0.1', 'еҶ…зҪ‘IP', 'Edge 135', 'Windows >=10', '0', 'зҷ»еҪ•жҲҗеҠҹ', '2026-07-13 23:00:05');
INSERT INTO `sys_logininfor` VALUES (148, 'dyx', '192.168.1.9', 'еҶ…зҪ‘IP', 'Edge 135', 'Windows >=10', '0', 'зҷ»еҪ•жҲҗеҠҹ', '2026-07-13 23:37:13');
INSERT INTO `sys_logininfor` VALUES (149, 'dyx', '192.168.1.9', 'еҶ…зҪ‘IP', 'Edge 135', 'Windows >=10', '0', 'йҖҖеҮәжҲҗеҠҹ', '2026-07-14 00:30:34');
INSERT INTO `sys_logininfor` VALUES (150, 'dyx', '192.168.1.9', 'еҶ…зҪ‘IP', 'Edge 135', 'Windows >=10', '1', 'йӘҢиҜҒз Ғй”ҷиҜҜ', '2026-07-14 00:30:38');
INSERT INTO `sys_logininfor` VALUES (151, 'dyx', '192.168.1.9', 'еҶ…зҪ‘IP', 'Edge 135', 'Windows >=10', '0', 'зҷ»еҪ•жҲҗеҠҹ', '2026-07-14 00:30:42');
INSERT INTO `sys_logininfor` VALUES (152, 'admin', '127.0.0.1', 'еҶ…зҪ‘IP', 'Edge 135', 'Windows >=10', '0', 'зҷ»еҪ•жҲҗеҠҹ', '2026-07-14 01:06:33');
INSERT INTO `sys_logininfor` VALUES (153, 'admin', '127.0.0.1', 'еҶ…зҪ‘IP', 'Edge 135', 'Windows >=10', '1', 'йӘҢиҜҒз Ғе·ІеӨұж•Ҳ', '2026-07-14 16:39:07');
INSERT INTO `sys_logininfor` VALUES (154, 'admin', '127.0.0.1', 'еҶ…зҪ‘IP', 'Edge 135', 'Windows >=10', '0', 'зҷ»еҪ•жҲҗеҠҹ', '2026-07-14 16:39:10');
INSERT INTO `sys_logininfor` VALUES (155, 'admin', '127.0.0.1', 'еҶ…зҪ‘IP', 'Edge 135', 'Windows >=10', '0', 'зҷ»еҪ•жҲҗеҠҹ', '2026-07-14 17:14:59');
INSERT INTO `sys_logininfor` VALUES (156, 'зүӣй©¬', '192.168.0.100', 'еҶ…зҪ‘IP', 'Edge 135', 'Windows >=10', '1', 'з”ЁжҲ·дёҚеӯҳеңЁ/еҜҶз Ғй”ҷиҜҜ', '2026-07-14 17:16:38');
INSERT INTO `sys_logininfor` VALUES (157, 'niuma', '192.168.0.100', 'еҶ…зҪ‘IP', 'Edge 135', 'Windows >=10', '1', 'з”ЁжҲ·дёҚеӯҳеңЁ/еҜҶз Ғй”ҷиҜҜ', '2026-07-14 17:16:45');
INSERT INTO `sys_logininfor` VALUES (158, 'niuma', '192.168.0.100', 'еҶ…зҪ‘IP', 'Edge 135', 'Windows >=10', '1', 'йӘҢиҜҒз Ғй”ҷиҜҜ', '2026-07-14 17:17:38');
INSERT INTO `sys_logininfor` VALUES (159, 'niuma', '192.168.0.100', 'еҶ…зҪ‘IP', 'Edge 135', 'Windows >=10', '1', 'з”ЁжҲ·дёҚеӯҳеңЁ/еҜҶз Ғй”ҷиҜҜ', '2026-07-14 17:17:41');
INSERT INTO `sys_logininfor` VALUES (160, 'niuma', '192.168.0.100', 'еҶ…зҪ‘IP', 'Edge 135', 'Windows >=10', '0', 'зҷ»еҪ•жҲҗеҠҹ', '2026-07-14 17:17:58');
INSERT INTO `sys_logininfor` VALUES (161, 'niuma', '192.168.0.100', 'еҶ…зҪ‘IP', 'Edge 135', 'Windows >=10', '0', 'йҖҖеҮәжҲҗеҠҹ', '2026-07-14 17:20:43');
INSERT INTO `sys_logininfor` VALUES (162, 'dyx', '192.168.0.100', 'еҶ…зҪ‘IP', 'Edge 135', 'Windows >=10', '0', 'зҷ»еҪ•жҲҗеҠҹ', '2026-07-14 17:20:56');
INSERT INTO `sys_logininfor` VALUES (163, 'dyx', '192.168.0.100', 'еҶ…зҪ‘IP', 'Edge 135', 'Windows >=10', '0', 'йҖҖеҮәжҲҗеҠҹ', '2026-07-14 17:21:44');
INSERT INTO `sys_logininfor` VALUES (164, 'niuma', '192.168.0.100', 'еҶ…зҪ‘IP', 'Edge 135', 'Windows >=10', '0', 'зҷ»еҪ•жҲҗеҠҹ', '2026-07-14 17:21:51');
INSERT INTO `sys_logininfor` VALUES (165, 'niuma', '192.168.0.100', 'еҶ…зҪ‘IP', 'Edge 135', 'Windows >=10', '0', 'йҖҖеҮәжҲҗеҠҹ', '2026-07-14 17:48:24');
INSERT INTO `sys_logininfor` VALUES (166, 'dyx', '192.168.0.100', 'еҶ…зҪ‘IP', 'Edge 135', 'Windows >=10', '0', 'зҷ»еҪ•жҲҗеҠҹ', '2026-07-14 17:48:30');
INSERT INTO `sys_logininfor` VALUES (167, 'niuma', '192.168.0.100', 'еҶ…зҪ‘IP', 'Chrome 150', 'Windows10', '1', 'з”ЁжҲ·дёҚеӯҳеңЁ/еҜҶз Ғй”ҷиҜҜ', '2026-07-14 17:58:10');
INSERT INTO `sys_logininfor` VALUES (168, 'niuma', '192.168.0.100', 'еҶ…зҪ‘IP', 'Chrome 150', 'Windows10', '1', 'з”ЁжҲ·дёҚеӯҳеңЁ/еҜҶз Ғй”ҷиҜҜ', '2026-07-14 17:58:11');
INSERT INTO `sys_logininfor` VALUES (169, 'niuma', '192.168.0.100', 'еҶ…зҪ‘IP', 'Chrome 150', 'Windows10', '1', 'з”ЁжҲ·дёҚеӯҳеңЁ/еҜҶз Ғй”ҷиҜҜ', '2026-07-14 17:58:21');
INSERT INTO `sys_logininfor` VALUES (170, 'niuma', '192.168.0.100', 'еҶ…зҪ‘IP', 'Chrome 150', 'Windows10', '1', 'з”ЁжҲ·дёҚеӯҳеңЁ/еҜҶз Ғй”ҷиҜҜ', '2026-07-14 17:58:54');
INSERT INTO `sys_logininfor` VALUES (171, 'niuma', '192.168.0.100', 'еҶ…зҪ‘IP', 'Chrome 150', 'Windows10', '0', 'зҷ»еҪ•жҲҗеҠҹ', '2026-07-14 17:59:00');
INSERT INTO `sys_logininfor` VALUES (172, 'admin', '127.0.0.1', 'еҶ…зҪ‘IP', 'Edge 135', 'Windows >=10', '0', 'зҷ»еҪ•жҲҗеҠҹ', '2026-07-14 19:22:28');
INSERT INTO `sys_logininfor` VALUES (173, 'dyx', '192.168.0.100', 'еҶ…зҪ‘IP', 'Edge 135', 'Windows >=10', '0', 'зҷ»еҪ•жҲҗеҠҹ', '2026-07-14 19:23:02');
INSERT INTO `sys_logininfor` VALUES (174, 'niuma', '192.168.0.100', 'еҶ…зҪ‘IP', 'Chrome 150', 'Windows10', '1', 'з”ЁжҲ·дёҚеӯҳеңЁ/еҜҶз Ғй”ҷиҜҜ', '2026-07-14 19:28:03');
INSERT INTO `sys_logininfor` VALUES (175, 'niuma', '192.168.0.100', 'еҶ…зҪ‘IP', 'Chrome 150', 'Windows10', '0', 'зҷ»еҪ•жҲҗеҠҹ', '2026-07-14 19:28:12');
INSERT INTO `sys_logininfor` VALUES (176, 'niuma', '192.168.0.100', 'еҶ…зҪ‘IP', 'Chrome 150', 'Windows10', '0', 'йҖҖеҮәжҲҗеҠҹ', '2026-07-14 19:54:55');
INSERT INTO `sys_logininfor` VALUES (177, 'dyx', '192.168.0.100', 'еҶ…зҪ‘IP', 'Edge 135', 'Windows >=10', '0', 'йҖҖеҮәжҲҗеҠҹ', '2026-07-14 19:56:23');
INSERT INTO `sys_logininfor` VALUES (178, 'jiedi', '192.168.0.100', 'еҶ…зҪ‘IP', 'Edge 135', 'Windows >=10', '1', 'з”ЁжҲ·дёҚеӯҳеңЁ/еҜҶз Ғй”ҷиҜҜ', '2026-07-14 19:56:37');
INSERT INTO `sys_logininfor` VALUES (179, 'jiedi', '192.168.0.100', 'еҶ…зҪ‘IP', 'Edge 135', 'Windows >=10', '1', 'з”ЁжҲ·дёҚеӯҳеңЁ/еҜҶз Ғй”ҷиҜҜ', '2026-07-14 19:56:43');
INSERT INTO `sys_logininfor` VALUES (180, 'jiedi', '192.168.0.100', 'еҶ…зҪ‘IP', 'Edge 135', 'Windows >=10', '0', 'зҷ»еҪ•жҲҗеҠҹ', '2026-07-14 19:57:05');
INSERT INTO `sys_logininfor` VALUES (181, 'niuma', '192.168.0.100', 'еҶ…зҪ‘IP', 'Chrome 150', 'Windows10', '1', 'йӘҢиҜҒз Ғе·ІеӨұж•Ҳ', '2026-07-14 20:07:51');
INSERT INTO `sys_logininfor` VALUES (182, 'niuma', '192.168.0.100', 'еҶ…зҪ‘IP', 'Chrome 150', 'Windows10', '1', 'з”ЁжҲ·дёҚеӯҳеңЁ/еҜҶз Ғй”ҷиҜҜ', '2026-07-14 20:07:54');
INSERT INTO `sys_logininfor` VALUES (183, 'niuma', '192.168.0.100', 'еҶ…зҪ‘IP', 'Chrome 150', 'Windows10', '1', 'з”ЁжҲ·дёҚеӯҳеңЁ/еҜҶз Ғй”ҷиҜҜ', '2026-07-14 20:07:58');
INSERT INTO `sys_logininfor` VALUES (184, 'niuma', '192.168.0.100', 'еҶ…зҪ‘IP', 'Chrome 150', 'Windows10', '0', 'зҷ»еҪ•жҲҗеҠҹ', '2026-07-14 20:08:06');

-- ----------------------------
-- Table structure for sys_menu
-- ----------------------------
DROP TABLE IF EXISTS `sys_menu`;
CREATE TABLE `sys_menu`  (
  `menu_id` bigint NOT NULL AUTO_INCREMENT COMMENT 'иҸңеҚ•ID',
  `menu_name` varchar(50) CHARACTER SET utf8mb3 COLLATE utf8mb3_general_ci NOT NULL COMMENT 'иҸңеҚ•еҗҚз§°',
  `parent_id` bigint NULL DEFAULT 0 COMMENT 'зҲ¶иҸңеҚ•ID',
  `order_num` int NULL DEFAULT 0 COMMENT 'жҳҫзӨәйЎәеәҸ',
  `path` varchar(200) CHARACTER SET utf8mb3 COLLATE utf8mb3_general_ci NULL DEFAULT '' COMMENT 'и·Ҝз”ұең°еқҖ',
  `component` varchar(255) CHARACTER SET utf8mb3 COLLATE utf8mb3_general_ci NULL DEFAULT NULL COMMENT 'з»„д»¶и·Ҝеҫ„',
  `query` varchar(255) CHARACTER SET utf8mb3 COLLATE utf8mb3_general_ci NULL DEFAULT NULL COMMENT 'и·Ҝз”ұеҸӮж•°',
  `route_name` varchar(50) CHARACTER SET utf8mb3 COLLATE utf8mb3_general_ci NULL DEFAULT '' COMMENT 'и·Ҝз”ұеҗҚз§°',
  `is_frame` int NULL DEFAULT 1 COMMENT 'жҳҜеҗҰдёәеӨ–й“ҫпјҲ0жҳҜ 1еҗҰпјү',
  `is_cache` int NULL DEFAULT 0 COMMENT 'жҳҜеҗҰзј“еӯҳпјҲ0зј“еӯҳ 1дёҚзј“еӯҳпјү',
  `menu_type` char(1) CHARACTER SET utf8mb3 COLLATE utf8mb3_general_ci NULL DEFAULT '' COMMENT 'иҸңеҚ•зұ»еһӢпјҲMзӣ®еҪ• CиҸңеҚ• FжҢүй’®пјү',
  `visible` char(1) CHARACTER SET utf8mb3 COLLATE utf8mb3_general_ci NULL DEFAULT '0' COMMENT 'иҸңеҚ•зҠ¶жҖҒпјҲ0жҳҫзӨә 1йҡҗи—Ҹпјү',
  `status` char(1) CHARACTER SET utf8mb3 COLLATE utf8mb3_general_ci NULL DEFAULT '0' COMMENT 'иҸңеҚ•зҠ¶жҖҒпјҲ0жӯЈеёё 1еҒңз”Ёпјү',
  `perms` varchar(100) CHARACTER SET utf8mb3 COLLATE utf8mb3_general_ci NULL DEFAULT NULL COMMENT 'жқғйҷҗж ҮиҜҶ',
  `icon` varchar(100) CHARACTER SET utf8mb3 COLLATE utf8mb3_general_ci NULL DEFAULT '#' COMMENT 'иҸңеҚ•еӣҫж Ү',
  `create_by` varchar(64) CHARACTER SET utf8mb3 COLLATE utf8mb3_general_ci NULL DEFAULT '' COMMENT 'еҲӣе»әиҖ…',
  `create_time` datetime NULL DEFAULT NULL COMMENT 'еҲӣе»әж—¶й—ҙ',
  `update_by` varchar(64) CHARACTER SET utf8mb3 COLLATE utf8mb3_general_ci NULL DEFAULT '' COMMENT 'жӣҙж–°иҖ…',
  `update_time` datetime NULL DEFAULT NULL COMMENT 'жӣҙж–°ж—¶й—ҙ',
  `remark` varchar(500) CHARACTER SET utf8mb3 COLLATE utf8mb3_general_ci NULL DEFAULT '' COMMENT 'еӨҮжіЁ',
  PRIMARY KEY (`menu_id`) USING BTREE
) ENGINE = InnoDB AUTO_INCREMENT = 2101 CHARACTER SET = utf8mb3 COLLATE = utf8mb3_general_ci COMMENT = 'иҸңеҚ•жқғйҷҗиЎЁ' ROW_FORMAT = Dynamic;

-- ----------------------------
-- Records of sys_menu
-- ----------------------------
INSERT INTO `sys_menu` VALUES (1, 'зі»з»ҹз®ЎзҗҶ', 0, 1, 'system', NULL, '', '', 1, 0, 'M', '0', '0', '', 'system', 'admin', '2026-06-11 21:52:01', '', NULL, 'зі»з»ҹз®ЎзҗҶзӣ®еҪ•');
INSERT INTO `sys_menu` VALUES (2, 'зі»з»ҹзӣ‘жҺ§', 0, 2, 'monitor', NULL, '', '', 1, 0, 'M', '1', '0', '', 'monitor', 'admin', '2026-06-11 21:52:01', 'dyx', '2026-07-13 22:56:59', 'зі»з»ҹзӣ‘жҺ§зӣ®еҪ•');
INSERT INTO `sys_menu` VALUES (3, 'зі»з»ҹе·Ҙе…·', 0, 3, 'tool', NULL, '', '', 1, 0, 'M', '1', '0', '', 'tool', 'admin', '2026-06-11 21:52:01', 'admin', '2026-07-09 16:30:39', 'зі»з»ҹе·Ҙе…·зӣ®еҪ•');
INSERT INTO `sys_menu` VALUES (100, 'з”ЁжҲ·з®ЎзҗҶ', 1, 1, 'user', 'system/user/index', '', '', 1, 0, 'C', '0', '0', 'system:user:list', 'user', 'admin', '2026-06-11 21:52:01', '', NULL, 'з”ЁжҲ·з®ЎзҗҶиҸңеҚ•');
INSERT INTO `sys_menu` VALUES (101, 'и§’иүІз®ЎзҗҶ', 1, 2, 'role', 'system/role/index', '', '', 1, 0, 'C', '0', '0', 'system:role:list', 'peoples', 'admin', '2026-06-11 21:52:01', '', NULL, 'и§’иүІз®ЎзҗҶиҸңеҚ•');
INSERT INTO `sys_menu` VALUES (102, 'иҸңеҚ•з®ЎзҗҶ', 1, 3, 'menu', 'system/menu/index', '', '', 1, 0, 'C', '0', '0', 'system:menu:list', 'tree-table', 'admin', '2026-06-11 21:52:01', '', NULL, 'иҸңеҚ•з®ЎзҗҶиҸңеҚ•');
INSERT INTO `sys_menu` VALUES (103, 'йғЁй—Ёз®ЎзҗҶ', 1, 4, 'dept', 'system/dept/index', '', '', 1, 0, 'C', '0', '0', 'system:dept:list', 'tree', 'admin', '2026-06-11 21:52:01', 'admin', '2026-07-14 20:11:40', 'йғЁй—Ёз®ЎзҗҶиҸңеҚ•');
INSERT INTO `sys_menu` VALUES (104, 'еІ—дҪҚз®ЎзҗҶ', 1, 5, 'post', 'system/post/index', '', '', 1, 0, 'C', '1', '0', 'system:post:list', 'post', 'admin', '2026-06-11 21:52:01', 'admin', '2026-07-09 16:31:28', 'еІ—дҪҚз®ЎзҗҶиҸңеҚ•');
INSERT INTO `sys_menu` VALUES (105, 'еӯ—е…ёз®ЎзҗҶ', 1, 6, 'dict', 'system/dict/index', '', '', 1, 0, 'C', '0', '0', 'system:dict:list', 'dict', 'admin', '2026-06-11 21:52:01', '', NULL, 'еӯ—е…ёз®ЎзҗҶиҸңеҚ•');
INSERT INTO `sys_menu` VALUES (106, 'еҸӮж•°и®ҫзҪ®', 1, 7, 'config', 'system/config/index', '', '', 1, 0, 'C', '0', '0', 'system:config:list', 'edit', 'admin', '2026-06-11 21:52:01', '', NULL, 'еҸӮж•°и®ҫзҪ®иҸңеҚ•');
INSERT INTO `sys_menu` VALUES (107, 'йҖҡзҹҘе…¬е‘Ҡ', 1, 8, 'notice', 'system/notice/index', '', '', 1, 0, 'C', '1', '0', 'system:notice:list', 'message', 'admin', '2026-06-11 21:52:01', 'admin', '2026-07-09 16:31:32', 'йҖҡзҹҘе…¬е‘ҠиҸңеҚ•');
INSERT INTO `sys_menu` VALUES (108, 'ж—Ҙеҝ—з®ЎзҗҶ', 1, 9, 'log', '', '', '', 1, 0, 'M', '0', '0', '', 'log', 'admin', '2026-06-11 21:52:01', '', NULL, 'ж—Ҙеҝ—з®ЎзҗҶиҸңеҚ•');
INSERT INTO `sys_menu` VALUES (109, 'еңЁзәҝз”ЁжҲ·', 2, 1, 'online', 'monitor/online/index', '', '', 1, 0, 'C', '0', '0', 'monitor:online:list', 'online', 'admin', '2026-06-11 21:52:01', '', NULL, 'еңЁзәҝз”ЁжҲ·иҸңеҚ•');
INSERT INTO `sys_menu` VALUES (110, 'е®ҡж—¶д»»еҠЎ', 2, 2, 'job', 'monitor/job/index', '', '', 1, 0, 'C', '0', '0', 'monitor:job:list', 'job', 'admin', '2026-06-11 21:52:01', '', NULL, 'е®ҡж—¶д»»еҠЎиҸңеҚ•');
INSERT INTO `sys_menu` VALUES (111, 'ж•°жҚ®зӣ‘жҺ§', 2, 3, 'druid', 'monitor/druid/index', '', '', 1, 0, 'C', '0', '0', 'monitor:druid:list', 'druid', 'admin', '2026-06-11 21:52:01', '', NULL, 'ж•°жҚ®зӣ‘жҺ§иҸңеҚ•');
INSERT INTO `sys_menu` VALUES (112, 'жңҚеҠЎзӣ‘жҺ§', 2, 4, 'server', 'monitor/server/index', '', '', 1, 0, 'C', '0', '0', 'monitor:server:list', 'server', 'admin', '2026-06-11 21:52:01', '', NULL, 'жңҚеҠЎзӣ‘жҺ§иҸңеҚ•');
INSERT INTO `sys_menu` VALUES (113, 'зј“еӯҳзӣ‘жҺ§', 2, 5, 'cache', 'monitor/cache/index', '', '', 1, 0, 'C', '0', '0', 'monitor:cache:list', 'redis', 'admin', '2026-06-11 21:52:01', '', NULL, 'зј“еӯҳзӣ‘жҺ§иҸңеҚ•');
INSERT INTO `sys_menu` VALUES (114, 'зј“еӯҳеҲ—иЎЁ', 2, 6, 'cacheList', 'monitor/cache/list', '', '', 1, 0, 'C', '0', '0', 'monitor:cache:list', 'redis-list', 'admin', '2026-06-11 21:52:01', '', NULL, 'зј“еӯҳеҲ—иЎЁиҸңеҚ•');
INSERT INTO `sys_menu` VALUES (115, 'иЎЁеҚ•жһ„е»ә', 3, 1, 'build', 'tool/build/index', '', '', 1, 0, 'C', '0', '0', 'tool:build:list', 'build', 'admin', '2026-06-11 21:52:01', '', NULL, 'иЎЁеҚ•жһ„е»әиҸңеҚ•');
INSERT INTO `sys_menu` VALUES (116, 'д»Јз Ғз”ҹжҲҗ', 3, 2, 'gen', 'tool/gen/index', '', '', 1, 0, 'C', '0', '0', 'tool:gen:list', 'code', 'admin', '2026-06-11 21:52:01', '', NULL, 'д»Јз Ғз”ҹжҲҗиҸңеҚ•');
INSERT INTO `sys_menu` VALUES (500, 'ж“ҚдҪңж—Ҙеҝ—', 108, 1, 'operlog', 'monitor/operlog/index', '', '', 1, 0, 'C', '0', '0', 'monitor:operlog:list', 'form', 'admin', '2026-06-11 21:52:01', '', NULL, 'ж“ҚдҪңж—Ҙеҝ—иҸңеҚ•');
INSERT INTO `sys_menu` VALUES (501, 'зҷ»еҪ•ж—Ҙеҝ—', 108, 2, 'logininfor', 'monitor/logininfor/index', '', '', 1, 0, 'C', '0', '0', 'monitor:logininfor:list', 'logininfor', 'admin', '2026-06-11 21:52:01', '', NULL, 'зҷ»еҪ•ж—Ҙеҝ—иҸңеҚ•');
INSERT INTO `sys_menu` VALUES (1000, 'з”ЁжҲ·жҹҘиҜў', 100, 1, '', '', '', '', 1, 0, 'F', '0', '0', 'system:user:query', '#', 'admin', '2026-06-11 21:52:01', '', NULL, '');
INSERT INTO `sys_menu` VALUES (1001, 'з”ЁжҲ·ж–°еўһ', 100, 2, '', '', '', '', 1, 0, 'F', '0', '0', 'system:user:add', '#', 'admin', '2026-06-11 21:52:01', '', NULL, '');
INSERT INTO `sys_menu` VALUES (1002, 'з”ЁжҲ·дҝ®ж”№', 100, 3, '', '', '', '', 1, 0, 'F', '0', '0', 'system:user:edit', '#', 'admin', '2026-06-11 21:52:01', '', NULL, '');
INSERT INTO `sys_menu` VALUES (1003, 'з”ЁжҲ·еҲ йҷӨ', 100, 4, '', '', '', '', 1, 0, 'F', '0', '0', 'system:user:remove', '#', 'admin', '2026-06-11 21:52:01', '', NULL, '');
INSERT INTO `sys_menu` VALUES (1004, 'з”ЁжҲ·еҜјеҮә', 100, 5, '', '', '', '', 1, 0, 'F', '0', '0', 'system:user:export', '#', 'admin', '2026-06-11 21:52:01', '', NULL, '');
INSERT INTO `sys_menu` VALUES (1005, 'з”ЁжҲ·еҜје…Ҙ', 100, 6, '', '', '', '', 1, 0, 'F', '0', '0', 'system:user:import', '#', 'admin', '2026-06-11 21:52:01', '', NULL, '');
INSERT INTO `sys_menu` VALUES (1006, 'йҮҚзҪ®еҜҶз Ғ', 100, 7, '', '', '', '', 1, 0, 'F', '0', '0', 'system:user:resetPwd', '#', 'admin', '2026-06-11 21:52:01', '', NULL, '');
INSERT INTO `sys_menu` VALUES (1007, 'и§’иүІжҹҘиҜў', 101, 1, '', '', '', '', 1, 0, 'F', '0', '0', 'system:role:query', '#', 'admin', '2026-06-11 21:52:01', '', NULL, '');
INSERT INTO `sys_menu` VALUES (1008, 'и§’иүІж–°еўһ', 101, 2, '', '', '', '', 1, 0, 'F', '0', '0', 'system:role:add', '#', 'admin', '2026-06-11 21:52:01', '', NULL, '');
INSERT INTO `sys_menu` VALUES (1009, 'и§’иүІдҝ®ж”№', 101, 3, '', '', '', '', 1, 0, 'F', '0', '0', 'system:role:edit', '#', 'admin', '2026-06-11 21:52:01', '', NULL, '');
INSERT INTO `sys_menu` VALUES (1010, 'и§’иүІеҲ йҷӨ', 101, 4, '', '', '', '', 1, 0, 'F', '0', '0', 'system:role:remove', '#', 'admin', '2026-06-11 21:52:01', '', NULL, '');
INSERT INTO `sys_menu` VALUES (1011, 'и§’иүІеҜјеҮә', 101, 5, '', '', '', '', 1, 0, 'F', '0', '0', 'system:role:export', '#', 'admin', '2026-06-11 21:52:01', '', NULL, '');
INSERT INTO `sys_menu` VALUES (1012, 'иҸңеҚ•жҹҘиҜў', 102, 1, '', '', '', '', 1, 0, 'F', '0', '0', 'system:menu:query', '#', 'admin', '2026-06-11 21:52:01', '', NULL, '');
INSERT INTO `sys_menu` VALUES (1013, 'иҸңеҚ•ж–°еўһ', 102, 2, '', '', '', '', 1, 0, 'F', '0', '0', 'system:menu:add', '#', 'admin', '2026-06-11 21:52:01', '', NULL, '');
INSERT INTO `sys_menu` VALUES (1014, 'иҸңеҚ•дҝ®ж”№', 102, 3, '', '', '', '', 1, 0, 'F', '0', '0', 'system:menu:edit', '#', 'admin', '2026-06-11 21:52:01', '', NULL, '');
INSERT INTO `sys_menu` VALUES (1015, 'иҸңеҚ•еҲ йҷӨ', 102, 4, '', '', '', '', 1, 0, 'F', '0', '0', 'system:menu:remove', '#', 'admin', '2026-06-11 21:52:01', '', NULL, '');
INSERT INTO `sys_menu` VALUES (1016, 'йғЁй—ЁжҹҘиҜў', 103, 1, '', '', '', '', 1, 0, 'F', '0', '0', 'system:dept:query', '#', 'admin', '2026-06-11 21:52:01', '', NULL, '');
INSERT INTO `sys_menu` VALUES (1017, 'йғЁй—Ёж–°еўһ', 103, 2, '', '', '', '', 1, 0, 'F', '0', '0', 'system:dept:add', '#', 'admin', '2026-06-11 21:52:01', '', NULL, '');
INSERT INTO `sys_menu` VALUES (1018, 'йғЁй—Ёдҝ®ж”№', 103, 3, '', '', '', '', 1, 0, 'F', '0', '0', 'system:dept:edit', '#', 'admin', '2026-06-11 21:52:01', '', NULL, '');
INSERT INTO `sys_menu` VALUES (1019, 'йғЁй—ЁеҲ йҷӨ', 103, 4, '', '', '', '', 1, 0, 'F', '0', '0', 'system:dept:remove', '#', 'admin', '2026-06-11 21:52:01', '', NULL, '');
INSERT INTO `sys_menu` VALUES (1020, 'еІ—дҪҚжҹҘиҜў', 104, 1, '', '', '', '', 1, 0, 'F', '0', '0', 'system:post:query', '#', 'admin', '2026-06-11 21:52:01', '', NULL, '');
INSERT INTO `sys_menu` VALUES (1021, 'еІ—дҪҚж–°еўһ', 104, 2, '', '', '', '', 1, 0, 'F', '0', '0', 'system:post:add', '#', 'admin', '2026-06-11 21:52:01', '', NULL, '');
INSERT INTO `sys_menu` VALUES (1022, 'еІ—дҪҚдҝ®ж”№', 104, 3, '', '', '', '', 1, 0, 'F', '0', '0', 'system:post:edit', '#', 'admin', '2026-06-11 21:52:01', '', NULL, '');
INSERT INTO `sys_menu` VALUES (1023, 'еІ—дҪҚеҲ йҷӨ', 104, 4, '', '', '', '', 1, 0, 'F', '0', '0', 'system:post:remove', '#', 'admin', '2026-06-11 21:52:01', '', NULL, '');
INSERT INTO `sys_menu` VALUES (1024, 'еІ—дҪҚеҜјеҮә', 104, 5, '', '', '', '', 1, 0, 'F', '0', '0', 'system:post:export', '#', 'admin', '2026-06-11 21:52:01', '', NULL, '');
INSERT INTO `sys_menu` VALUES (1025, 'еӯ—е…ёжҹҘиҜў', 105, 1, '#', '', '', '', 1, 0, 'F', '0', '0', 'system:dict:query', '#', 'admin', '2026-06-11 21:52:01', '', NULL, '');
INSERT INTO `sys_menu` VALUES (1026, 'еӯ—е…ёж–°еўһ', 105, 2, '#', '', '', '', 1, 0, 'F', '0', '0', 'system:dict:add', '#', 'admin', '2026-06-11 21:52:01', '', NULL, '');
INSERT INTO `sys_menu` VALUES (1027, 'еӯ—е…ёдҝ®ж”№', 105, 3, '#', '', '', '', 1, 0, 'F', '0', '0', 'system:dict:edit', '#', 'admin', '2026-06-11 21:52:01', '', NULL, '');
INSERT INTO `sys_menu` VALUES (1028, 'еӯ—е…ёеҲ йҷӨ', 105, 4, '#', '', '', '', 1, 0, 'F', '0', '0', 'system:dict:remove', '#', 'admin', '2026-06-11 21:52:01', '', NULL, '');
INSERT INTO `sys_menu` VALUES (1029, 'еӯ—е…ёеҜјеҮә', 105, 5, '#', '', '', '', 1, 0, 'F', '0', '0', 'system:dict:export', '#', 'admin', '2026-06-11 21:52:01', '', NULL, '');
INSERT INTO `sys_menu` VALUES (1030, 'еҸӮж•°жҹҘиҜў', 106, 1, '#', '', '', '', 1, 0, 'F', '0', '0', 'system:config:query', '#', 'admin', '2026-06-11 21:52:01', '', NULL, '');
INSERT INTO `sys_menu` VALUES (1031, 'еҸӮж•°ж–°еўһ', 106, 2, '#', '', '', '', 1, 0, 'F', '0', '0', 'system:config:add', '#', 'admin', '2026-06-11 21:52:01', '', NULL, '');
INSERT INTO `sys_menu` VALUES (1032, 'еҸӮж•°дҝ®ж”№', 106, 3, '#', '', '', '', 1, 0, 'F', '0', '0', 'system:config:edit', '#', 'admin', '2026-06-11 21:52:01', '', NULL, '');
INSERT INTO `sys_menu` VALUES (1033, 'еҸӮж•°еҲ йҷӨ', 106, 4, '#', '', '', '', 1, 0, 'F', '0', '0', 'system:config:remove', '#', 'admin', '2026-06-11 21:52:01', '', NULL, '');
INSERT INTO `sys_menu` VALUES (1034, 'еҸӮж•°еҜјеҮә', 106, 5, '#', '', '', '', 1, 0, 'F', '0', '0', 'system:config:export', '#', 'admin', '2026-06-11 21:52:01', '', NULL, '');
INSERT INTO `sys_menu` VALUES (1035, 'е…¬е‘ҠжҹҘиҜў', 107, 1, '#', '', '', '', 1, 0, 'F', '0', '0', 'system:notice:query', '#', 'admin', '2026-06-11 21:52:01', '', NULL, '');
INSERT INTO `sys_menu` VALUES (1036, 'е…¬е‘Ҡж–°еўһ', 107, 2, '#', '', '', '', 1, 0, 'F', '0', '0', 'system:notice:add', '#', 'admin', '2026-06-11 21:52:01', '', NULL, '');
INSERT INTO `sys_menu` VALUES (1037, 'е…¬е‘Ҡдҝ®ж”№', 107, 3, '#', '', '', '', 1, 0, 'F', '0', '0', 'system:notice:edit', '#', 'admin', '2026-06-11 21:52:01', '', NULL, '');
INSERT INTO `sys_menu` VALUES (1038, 'е…¬е‘ҠеҲ йҷӨ', 107, 4, '#', '', '', '', 1, 0, 'F', '0', '0', 'system:notice:remove', '#', 'admin', '2026-06-11 21:52:01', '', NULL, '');
INSERT INTO `sys_menu` VALUES (1039, 'ж“ҚдҪңжҹҘиҜў', 500, 1, '#', '', '', '', 1, 0, 'F', '0', '0', 'monitor:operlog:query', '#', 'admin', '2026-06-11 21:52:01', '', NULL, '');
INSERT INTO `sys_menu` VALUES (1040, 'ж“ҚдҪңеҲ йҷӨ', 500, 2, '#', '', '', '', 1, 0, 'F', '0', '0', 'monitor:operlog:remove', '#', 'admin', '2026-06-11 21:52:01', '', NULL, '');
INSERT INTO `sys_menu` VALUES (1041, 'ж—Ҙеҝ—еҜјеҮә', 500, 3, '#', '', '', '', 1, 0, 'F', '0', '0', 'monitor:operlog:export', '#', 'admin', '2026-06-11 21:52:01', '', NULL, '');
INSERT INTO `sys_menu` VALUES (1042, 'зҷ»еҪ•жҹҘиҜў', 501, 1, '#', '', '', '', 1, 0, 'F', '0', '0', 'monitor:logininfor:query', '#', 'admin', '2026-06-11 21:52:01', '', NULL, '');
INSERT INTO `sys_menu` VALUES (1043, 'зҷ»еҪ•еҲ йҷӨ', 501, 2, '#', '', '', '', 1, 0, 'F', '0', '0', 'monitor:logininfor:remove', '#', 'admin', '2026-06-11 21:52:01', '', NULL, '');
INSERT INTO `sys_menu` VALUES (1044, 'ж—Ҙеҝ—еҜјеҮә', 501, 3, '#', '', '', '', 1, 0, 'F', '0', '0', 'monitor:logininfor:export', '#', 'admin', '2026-06-11 21:52:01', '', NULL, '');
INSERT INTO `sys_menu` VALUES (1045, 'иҙҰжҲ·и§Јй”Ғ', 501, 4, '#', '', '', '', 1, 0, 'F', '0', '0', 'monitor:logininfor:unlock', '#', 'admin', '2026-06-11 21:52:01', '', NULL, '');
INSERT INTO `sys_menu` VALUES (1046, 'еңЁзәҝжҹҘиҜў', 109, 1, '#', '', '', '', 1, 0, 'F', '0', '0', 'monitor:online:query', '#', 'admin', '2026-06-11 21:52:01', '', NULL, '');
INSERT INTO `sys_menu` VALUES (1047, 'жү№йҮҸејәйҖҖ', 109, 2, '#', '', '', '', 1, 0, 'F', '0', '0', 'monitor:online:batchLogout', '#', 'admin', '2026-06-11 21:52:01', '', NULL, '');
INSERT INTO `sys_menu` VALUES (1048, 'еҚ•жқЎејәйҖҖ', 109, 3, '#', '', '', '', 1, 0, 'F', '0', '0', 'monitor:online:forceLogout', '#', 'admin', '2026-06-11 21:52:01', '', NULL, '');
INSERT INTO `sys_menu` VALUES (1049, 'д»»еҠЎжҹҘиҜў', 110, 1, '#', '', '', '', 1, 0, 'F', '0', '0', 'monitor:job:query', '#', 'admin', '2026-06-11 21:52:01', '', NULL, '');
INSERT INTO `sys_menu` VALUES (1050, 'д»»еҠЎж–°еўһ', 110, 2, '#', '', '', '', 1, 0, 'F', '0', '0', 'monitor:job:add', '#', 'admin', '2026-06-11 21:52:01', '', NULL, '');
INSERT INTO `sys_menu` VALUES (1051, 'д»»еҠЎдҝ®ж”№', 110, 3, '#', '', '', '', 1, 0, 'F', '0', '0', 'monitor:job:edit', '#', 'admin', '2026-06-11 21:52:01', '', NULL, '');
INSERT INTO `sys_menu` VALUES (1052, 'д»»еҠЎеҲ йҷӨ', 110, 4, '#', '', '', '', 1, 0, 'F', '0', '0', 'monitor:job:remove', '#', 'admin', '2026-06-11 21:52:01', '', NULL, '');
INSERT INTO `sys_menu` VALUES (1053, 'зҠ¶жҖҒдҝ®ж”№', 110, 5, '#', '', '', '', 1, 0, 'F', '0', '0', 'monitor:job:changeStatus', '#', 'admin', '2026-06-11 21:52:01', '', NULL, '');
INSERT INTO `sys_menu` VALUES (1054, 'д»»еҠЎеҜјеҮә', 110, 6, '#', '', '', '', 1, 0, 'F', '0', '0', 'monitor:job:export', '#', 'admin', '2026-06-11 21:52:01', '', NULL, '');
INSERT INTO `sys_menu` VALUES (1055, 'з”ҹжҲҗжҹҘиҜў', 116, 1, '#', '', '', '', 1, 0, 'F', '0', '0', 'tool:gen:query', '#', 'admin', '2026-06-11 21:52:01', '', NULL, '');
INSERT INTO `sys_menu` VALUES (1056, 'з”ҹжҲҗдҝ®ж”№', 116, 2, '#', '', '', '', 1, 0, 'F', '0', '0', 'tool:gen:edit', '#', 'admin', '2026-06-11 21:52:01', '', NULL, '');
INSERT INTO `sys_menu` VALUES (1057, 'з”ҹжҲҗеҲ йҷӨ', 116, 3, '#', '', '', '', 1, 0, 'F', '0', '0', 'tool:gen:remove', '#', 'admin', '2026-06-11 21:52:01', '', NULL, '');
INSERT INTO `sys_menu` VALUES (1058, 'еҜје…Ҙд»Јз Ғ', 116, 4, '#', '', '', '', 1, 0, 'F', '0', '0', 'tool:gen:import', '#', 'admin', '2026-06-11 21:52:01', '', NULL, '');
INSERT INTO `sys_menu` VALUES (1059, 'йў„и§Ҳд»Јз Ғ', 116, 5, '#', '', '', '', 1, 0, 'F', '0', '0', 'tool:gen:preview', '#', 'admin', '2026-06-11 21:52:01', '', NULL, '');
INSERT INTO `sys_menu` VALUES (1060, 'з”ҹжҲҗд»Јз Ғ', 116, 6, '#', '', '', '', 1, 0, 'F', '0', '0', 'tool:gen:code', '#', 'admin', '2026-06-11 21:52:01', '', NULL, '');
INSERT INTO `sys_menu` VALUES (2000, 'еӣәе®ҡиө„дә§', 0, 4, 'asset', NULL, NULL, '', 1, 0, 'M', '0', '0', NULL, 'build', 'admin', '2026-06-16 17:46:22', '', NULL, '');
INSERT INTO `sys_menu` VALUES (2001, 'иө„дә§еҚ•дҪҚ', 2000, 1, 'unit', 'asset/unit/index', NULL, '', 1, 0, 'C', '0', '0', '', '#', 'admin', '2026-06-16 17:47:22', 'admin', '2026-06-16 17:48:28', '');
INSERT INTO `sys_menu` VALUES (2002, 'иө„дә§е“Ғзұ»', 2000, 2, 'category', 'asset/category/index', NULL, '', 1, 0, 'C', '0', '0', '', '#', 'admin', '2026-06-16 17:48:12', 'admin', '2026-06-16 17:48:45', '');
INSERT INTO `sys_menu` VALUES (2003, 'иө„дә§дҫӣеә”е•Ҷ', 2000, 3, 'supplier', 'asset/supplier/index', NULL, '', 1, 0, 'C', '0', '0', '', '#', 'admin', '2026-06-17 23:46:25', 'admin', '2026-06-17 23:54:31', '');
INSERT INTO `sys_menu` VALUES (2004, 'иө„дә§д»“еә“', 2000, 4, 'warehouse', 'asset/warehouse/index', NULL, '', 1, 0, 'C', '0', '0', NULL, '#', 'admin', '2026-06-18 23:44:00', '', NULL, '');
INSERT INTO `sys_menu` VALUES (2005, 'иө„дә§йҮҮиҙӯ', 2000, 5, 'purchase', 'asset/purchase/index', NULL, '', 1, 0, 'C', '0', '0', NULL, '#', 'admin', '2026-06-28 17:46:54', '', NULL, '');
INSERT INTO `sys_menu` VALUES (2006, 'иө„дә§е®Ўж ё', 2000, 6, 'audit', 'asset/audit/index', NULL, '', 1, 0, 'C', '0', '0', NULL, '#', 'admin', '2026-06-28 21:06:57', '', NULL, '');
INSERT INTO `sys_menu` VALUES (2007, 'иө„дә§иҜҰжғ…', 2000, 7, 'detail', 'asset/detail/index', NULL, '', 1, 0, 'C', '0', '0', '', '#', 'admin', '2026-07-08 16:36:14', 'admin', '2026-07-08 16:59:54', '');
INSERT INTO `sys_menu` VALUES (2008, 'иө„дә§жҠҘдҝ®', 2000, 8, 'repair', 'asset/repair/index', NULL, '', 1, 0, 'C', '0', '0', NULL, '#', 'admin', '2026-07-08 16:37:23', '', NULL, '');
INSERT INTO `sys_menu` VALUES (2017, 'иө„дә§еҚ•дҪҚеҲ—иЎЁжҹҘиҜў', 2001, 1, '', NULL, NULL, '', 1, 0, 'F', '0', '0', 'asset:unit:list', '#', '', NULL, '', NULL, '');
INSERT INTO `sys_menu` VALUES (2018, 'иө„дә§еҚ•дҪҚиҜҰжғ…жҹҘиҜў', 2001, 2, '', NULL, NULL, '', 1, 0, 'F', '0', '0', 'asset:unit:query', '#', '', NULL, '', NULL, '');
INSERT INTO `sys_menu` VALUES (2019, 'ж–°еўһиө„дә§еҚ•дҪҚ', 2001, 3, '', NULL, NULL, '', 1, 0, 'F', '0', '0', 'asset:unit:add', '#', '', NULL, '', NULL, '');
INSERT INTO `sys_menu` VALUES (2020, 'дҝ®ж”№иө„дә§еҚ•дҪҚ', 2001, 4, '', NULL, NULL, '', 1, 0, 'F', '0', '0', 'asset:unit:edit', '#', '', NULL, '', NULL, '');
INSERT INTO `sys_menu` VALUES (2021, 'еҲ йҷӨиө„дә§еҚ•дҪҚ', 2001, 5, '', NULL, NULL, '', 1, 0, 'F', '0', '0', 'asset:unit:remove', '#', '', NULL, '', NULL, '');
INSERT INTO `sys_menu` VALUES (2022, 'еҜје…Ҙиө„дә§еҚ•дҪҚж•°жҚ®', 2001, 6, '', NULL, NULL, '', 1, 0, 'F', '0', '0', 'asset:unit:import', '#', '', NULL, '', NULL, '');
INSERT INTO `sys_menu` VALUES (2023, 'дёӢиҪҪиө„дә§еҚ•дҪҚеҜје…ҘжЁЎжқҝ', 2001, 7, '', NULL, NULL, '', 1, 0, 'F', '0', '0', 'asset:unit:template', '#', '', NULL, '', NULL, '');
INSERT INTO `sys_menu` VALUES (2024, 'еҜјеҮәиө„дә§еҚ•дҪҚж•°жҚ®', 2001, 8, '', NULL, NULL, '', 1, 0, 'F', '0', '0', 'asset:unit:export', '#', '', NULL, '', NULL, '');
INSERT INTO `sys_menu` VALUES (2025, 'иө„дә§е“Ғзұ»еҲ—иЎЁжҹҘиҜў', 2002, 1, '', NULL, NULL, '', 1, 0, 'F', '0', '0', 'asset:category:list', '#', '', NULL, '', NULL, '');
INSERT INTO `sys_menu` VALUES (2026, 'иө„дә§е“Ғзұ»иҜҰжғ…жҹҘиҜў', 2002, 2, '', NULL, NULL, '', 1, 0, 'F', '0', '0', 'asset:category:query', '#', '', NULL, '', NULL, '');
INSERT INTO `sys_menu` VALUES (2027, 'ж–°еўһиө„дә§е“Ғзұ»', 2002, 3, '', NULL, NULL, '', 1, 0, 'F', '0', '0', 'asset:category:add', '#', '', NULL, '', NULL, '');
INSERT INTO `sys_menu` VALUES (2028, 'дҝ®ж”№иө„дә§е“Ғзұ»', 2002, 4, '', NULL, NULL, '', 1, 0, 'F', '0', '0', 'asset:category:edit', '#', '', NULL, '', NULL, '');
INSERT INTO `sys_menu` VALUES (2029, 'еҲ йҷӨиө„дә§е“Ғзұ»', 2002, 5, '', NULL, NULL, '', 1, 0, 'F', '0', '0', 'asset:category:remove', '#', '', NULL, '', NULL, '');
INSERT INTO `sys_menu` VALUES (2030, 'еҜјеҮәиө„дә§е“Ғзұ»ж•°жҚ®', 2002, 6, '', NULL, NULL, '', 1, 0, 'F', '0', '0', 'asset:category:export', '#', '', NULL, '', NULL, '');
INSERT INTO `sys_menu` VALUES (2031, 'иө„дә§дҫӣеә”е•ҶеҲ—иЎЁжҹҘиҜў', 2003, 1, '', NULL, NULL, '', 1, 0, 'F', '0', '0', 'asset:supplier:list', '#', '', NULL, '', NULL, '');
INSERT INTO `sys_menu` VALUES (2032, 'иө„дә§дҫӣеә”е•ҶиҜҰжғ…жҹҘиҜў', 2003, 2, '', NULL, NULL, '', 1, 0, 'F', '0', '0', 'asset:supplier:query', '#', '', NULL, '', NULL, '');
INSERT INTO `sys_menu` VALUES (2033, 'ж–°еўһиө„дә§дҫӣеә”е•Ҷ', 2003, 3, '', NULL, NULL, '', 1, 0, 'F', '0', '0', 'asset:supplier:add', '#', '', NULL, '', NULL, '');
INSERT INTO `sys_menu` VALUES (2034, 'дҝ®ж”№иө„дә§дҫӣеә”е•Ҷ', 2003, 4, '', NULL, NULL, '', 1, 0, 'F', '0', '0', 'asset:supplier:edit', '#', '', NULL, '', NULL, '');
INSERT INTO `sys_menu` VALUES (2035, 'еҲ йҷӨиө„дә§дҫӣеә”е•Ҷ', 2003, 5, '', NULL, NULL, '', 1, 0, 'F', '0', '0', 'asset:supplier:remove', '#', '', NULL, '', NULL, '');
INSERT INTO `sys_menu` VALUES (2036, 'еҜје…Ҙиө„дә§дҫӣеә”е•Ҷж•°жҚ®', 2003, 6, '', NULL, NULL, '', 1, 0, 'F', '0', '0', 'asset:supplier:import', '#', '', NULL, '', NULL, '');
INSERT INTO `sys_menu` VALUES (2037, 'дёӢиҪҪиө„дә§дҫӣеә”е•ҶеҜје…ҘжЁЎжқҝ', 2003, 7, '', NULL, NULL, '', 1, 0, 'F', '0', '0', 'asset:supplier:template', '#', '', NULL, '', NULL, '');
INSERT INTO `sys_menu` VALUES (2038, 'еҜјеҮәиө„дә§дҫӣеә”е•Ҷж•°жҚ®', 2003, 8, '', NULL, NULL, '', 1, 0, 'F', '0', '0', 'asset:supplier:export', '#', '', NULL, '', NULL, '');
INSERT INTO `sys_menu` VALUES (2039, 'иө„дә§д»“еә“еҲ—иЎЁжҹҘиҜў', 2004, 1, '', NULL, NULL, '', 1, 0, 'F', '0', '0', 'asset:warehouse:list', '#', '', NULL, '', NULL, '');
INSERT INTO `sys_menu` VALUES (2040, 'иө„дә§д»“еә“иҜҰжғ…жҹҘиҜў', 2004, 2, '', NULL, NULL, '', 1, 0, 'F', '0', '0', 'asset:warehouse:query', '#', '', NULL, '', NULL, '');
INSERT INTO `sys_menu` VALUES (2041, 'ж–°еўһиө„дә§д»“еә“', 2004, 3, '', NULL, NULL, '', 1, 0, 'F', '0', '0', 'asset:warehouse:add', '#', '', NULL, '', NULL, '');
INSERT INTO `sys_menu` VALUES (2042, 'дҝ®ж”№иө„дә§д»“еә“', 2004, 4, '', NULL, NULL, '', 1, 0, 'F', '0', '0', 'asset:warehouse:edit', '#', '', NULL, '', NULL, '');
INSERT INTO `sys_menu` VALUES (2043, 'еҲ йҷӨиө„дә§д»“еә“', 2004, 5, '', NULL, NULL, '', 1, 0, 'F', '0', '0', 'asset:warehouse:remove', '#', '', NULL, '', NULL, '');
INSERT INTO `sys_menu` VALUES (2044, 'еҜје…Ҙиө„дә§д»“еә“ж•°жҚ®', 2004, 6, '', NULL, NULL, '', 1, 0, 'F', '0', '0', 'asset:warehouse:import', '#', '', NULL, '', NULL, '');
INSERT INTO `sys_menu` VALUES (2045, 'дёӢиҪҪиө„дә§д»“еә“еҜје…ҘжЁЎжқҝ', 2004, 7, '', NULL, NULL, '', 1, 0, 'F', '0', '0', 'asset:warehouse:template', '#', '', NULL, '', NULL, '');
INSERT INTO `sys_menu` VALUES (2046, 'еҜјеҮәиө„дә§д»“еә“ж•°жҚ®', 2004, 8, '', NULL, NULL, '', 1, 0, 'F', '0', '0', 'asset:warehouse:export', '#', '', NULL, '', NULL, '');
INSERT INTO `sys_menu` VALUES (2047, 'иө„дә§йҮҮиҙӯеҲ—иЎЁжҹҘиҜў', 2005, 1, '', NULL, NULL, '', 1, 0, 'F', '0', '0', 'asset:purchase:list', '#', '', NULL, '', NULL, '');
INSERT INTO `sys_menu` VALUES (2048, 'иө„дә§йҮҮиҙӯиҜҰжғ…жҹҘиҜў', 2005, 2, '', NULL, NULL, '', 1, 0, 'F', '0', '0', 'asset:purchase:query', '#', '', NULL, '', NULL, '');
INSERT INTO `sys_menu` VALUES (2049, 'ж–°еўһиө„дә§йҮҮиҙӯ', 2005, 3, '', NULL, NULL, '', 1, 0, 'F', '0', '0', 'asset:purchase:add', '#', '', NULL, '', NULL, '');
INSERT INTO `sys_menu` VALUES (2050, 'дҝ®ж”№иө„дә§йҮҮиҙӯ', 2005, 4, '', NULL, NULL, '', 1, 0, 'F', '0', '0', 'asset:purchase:edit', '#', '', NULL, '', NULL, '');
INSERT INTO `sys_menu` VALUES (2051, 'еҲ йҷӨиө„дә§йҮҮиҙӯ', 2005, 5, '', NULL, NULL, '', 1, 0, 'F', '0', '0', 'asset:purchase:remove', '#', '', NULL, '', NULL, '');
INSERT INTO `sys_menu` VALUES (2052, 'жҸҗдәӨе®Ўж ё', 2005, 6, '', NULL, NULL, '', 1, 0, 'F', '0', '0', 'asset:purchase:submit', '#', '', NULL, '', NULL, '');
INSERT INTO `sys_menu` VALUES (2053, 'е…Ҙеә“', 2005, 7, '', NULL, NULL, '', 1, 0, 'F', '0', '0', 'asset:purchase:stock', '#', '', NULL, '', NULL, '');
INSERT INTO `sys_menu` VALUES (2054, 'еҜјеҮәиө„дә§йҮҮиҙӯж•°жҚ®', 2005, 8, '', NULL, NULL, '', 1, 0, 'F', '0', '0', 'asset:purchase:export', '#', '', NULL, '', NULL, '');
INSERT INTO `sys_menu` VALUES (2055, 'иө„дә§е®Ўж ёеҲ—иЎЁжҹҘиҜў', 2006, 1, '', NULL, NULL, '', 1, 0, 'F', '0', '0', 'asset:audit:list', '#', '', NULL, '', NULL, '');
INSERT INTO `sys_menu` VALUES (2056, 'е®Ўж ёйҖҡиҝҮ', 2006, 2, '', NULL, NULL, '', 1, 0, 'F', '0', '0', 'asset:audit:pass', '#', '', NULL, '', NULL, '');
INSERT INTO `sys_menu` VALUES (2057, 'е®Ўж ёйҖҖеӣһ', 2006, 3, '', NULL, NULL, '', 1, 0, 'F', '0', '0', 'asset:audit:reject', '#', '', NULL, '', NULL, '');
INSERT INTO `sys_menu` VALUES (2058, 'еҜјеҮәиө„дә§е®Ўж ёж•°жҚ®', 2006, 4, '', NULL, NULL, '', 1, 0, 'F', '0', '0', 'asset:audit:export', '#', '', NULL, '', NULL, '');
INSERT INTO `sys_menu` VALUES (2059, 'иө„дә§жҳҺз»ҶеҲ—иЎЁжҹҘиҜў', 2007, 1, '', NULL, NULL, '', 1, 0, 'F', '0', '0', 'asset:detail:list', '#', '', NULL, '', NULL, '');
INSERT INTO `sys_menu` VALUES (2060, 'иө„дә§жҳҺз»ҶиҜҰжғ…жҹҘиҜў', 2007, 2, '', NULL, NULL, '', 1, 0, 'F', '0', '0', 'asset:detail:query', '#', '', NULL, '', NULL, '');
INSERT INTO `sys_menu` VALUES (2061, 'еҮәеә“', 2007, 3, '', NULL, NULL, '', 1, 0, 'F', '0', '0', 'asset:detail:out', '#', '', NULL, '', NULL, '');
INSERT INTO `sys_menu` VALUES (2062, 'жҠҘдҝ®', 2007, 4, '', NULL, NULL, '', 1, 0, 'F', '0', '0', 'asset:detail:repair', '#', '', NULL, '', NULL, '');
INSERT INTO `sys_menu` VALUES (2063, 'еҜјеҮәиө„дә§жҳҺз»Ҷж•°жҚ®', 2007, 5, '', NULL, NULL, '', 1, 0, 'F', '0', '0', 'asset:detail:export', '#', '', NULL, '', NULL, '');
INSERT INTO `sys_menu` VALUES (2064, 'иө„дә§жҠҘдҝ®еҲ—иЎЁжҹҘиҜў', 2008, 1, '', NULL, NULL, '', 1, 0, 'F', '0', '0', 'asset:repair:list', '#', '', NULL, '', NULL, '');
INSERT INTO `sys_menu` VALUES (2065, 'иө„дә§жҠҘдҝ®иҜҰжғ…жҹҘиҜў', 2008, 2, '', NULL, NULL, '', 1, 0, 'F', '0', '0', 'asset:repair:query', '#', '', NULL, '', NULL, '');
INSERT INTO `sys_menu` VALUES (2066, 'еҜјеҮәиө„дә§жҠҘдҝ®ж•°жҚ®', 2008, 3, '', NULL, NULL, '', 1, 0, 'F', '0', '0', 'asset:repair:export', '#', '', NULL, '', NULL, '');
INSERT INTO `sys_menu` VALUES (2100, 'дҝ®ж”№з»ҙдҝ®зҠ¶жҖҒ', 2008, 1, '', '', '', '', 1, 0, 'F', '0', '0', 'asset:repair:edit', '#', 'admin', '2026-07-14 19:21:19', '', NULL, '');

-- ----------------------------
-- Table structure for sys_notice
-- ----------------------------
DROP TABLE IF EXISTS `sys_notice`;
CREATE TABLE `sys_notice`  (
  `notice_id` int NOT NULL AUTO_INCREMENT COMMENT 'е…¬е‘ҠID',
  `notice_title` varchar(50) CHARACTER SET utf8mb3 COLLATE utf8mb3_general_ci NOT NULL COMMENT 'е…¬е‘Ҡж Үйўҳ',
  `notice_type` char(1) CHARACTER SET utf8mb3 COLLATE utf8mb3_general_ci NOT NULL COMMENT 'е…¬е‘Ҡзұ»еһӢпјҲ1йҖҡзҹҘ 2е…¬е‘Ҡпјү',
  `notice_content` longblob NULL COMMENT 'е…¬е‘ҠеҶ…е®№',
  `status` char(1) CHARACTER SET utf8mb3 COLLATE utf8mb3_general_ci NULL DEFAULT '0' COMMENT 'е…¬е‘ҠзҠ¶жҖҒпјҲ0жӯЈеёё 1е…ій—ӯпјү',
  `create_by` varchar(64) CHARACTER SET utf8mb3 COLLATE utf8mb3_general_ci NULL DEFAULT '' COMMENT 'еҲӣе»әиҖ…',
  `create_time` datetime NULL DEFAULT NULL COMMENT 'еҲӣе»әж—¶й—ҙ',
  `update_by` varchar(64) CHARACTER SET utf8mb3 COLLATE utf8mb3_general_ci NULL DEFAULT '' COMMENT 'жӣҙж–°иҖ…',
  `update_time` datetime NULL DEFAULT NULL COMMENT 'жӣҙж–°ж—¶й—ҙ',
  `remark` varchar(255) CHARACTER SET utf8mb3 COLLATE utf8mb3_general_ci NULL DEFAULT NULL COMMENT 'еӨҮжіЁ',
  PRIMARY KEY (`notice_id`) USING BTREE
) ENGINE = InnoDB AUTO_INCREMENT = 10 CHARACTER SET = utf8mb3 COLLATE = utf8mb3_general_ci COMMENT = 'йҖҡзҹҘе…¬е‘ҠиЎЁ' ROW_FORMAT = Dynamic;

-- ----------------------------
-- Records of sys_notice
-- ----------------------------
INSERT INTO `sys_notice` VALUES (1, 'жё©йҰЁжҸҗйҶ’пјҡ2018-07-01 иӢҘдҫқж–°зүҲжң¬еҸ‘еёғе•Ұ', '2', 0xE696B0E78988E69CACE58685E5AEB9, '0', 'admin', '2026-06-11 21:52:01', '', NULL, 'з®ЎзҗҶе‘ҳ');
INSERT INTO `sys_notice` VALUES (2, 'з»ҙжҠӨйҖҡзҹҘпјҡ2018-07-01 иӢҘдҫқзі»з»ҹеҮҢжҷЁз»ҙжҠӨ', '1', 0xE7BBB4E68AA4E58685E5AEB9, '0', 'admin', '2026-06-11 21:52:01', '', NULL, 'з®ЎзҗҶе‘ҳ');
INSERT INTO `sys_notice` VALUES (3, 'иӢҘдҫқејҖжәҗжЎҶжһ¶д»Ӣз»Қ', '1', 0x3C703E3C7370616E207374796C653D22636F6C6F723A20726762283233302C20302C2030293B223EE9A1B9E79BAEE4BB8BE7BB8D3C2F7370616E3E3C2F703E3C703E3C666F6E7420636F6C6F723D2223333333333333223E52756F5969E5BC80E6BA90E9A1B9E79BAEE698AFE4B8BAE4BC81E4B89AE794A8E688B7E5AE9AE588B6E79A84E5908EE58FB0E8849AE6898BE69EB6E6A186E69EB6EFBC8CE4B8BAE4BC81E4B89AE68993E980A0E79A84E4B880E7AB99E5BC8FE8A7A3E586B3E696B9E6A188EFBC8CE9998DE4BD8EE4BC81E4B89AE5BC80E58F91E68890E69CACEFBC8CE68F90E58D87E5BC80E58F91E69588E78E87E38082E4B8BBE8A681E58C85E68BACE794A8E688B7E7AEA1E79086E38081E8A792E889B2E7AEA1E79086E38081E983A8E997A8E7AEA1E79086E38081E88F9CE58D95E7AEA1E79086E38081E58F82E695B0E7AEA1E79086E38081E5AD97E585B8E7AEA1E79086E380813C2F666F6E743E3C7370616E207374796C653D22636F6C6F723A207267622835312C2035312C203531293B223EE5B297E4BD8DE7AEA1E790863C2F7370616E3E3C7370616E207374796C653D22636F6C6F723A207267622835312C2035312C203531293B223EE38081E5AE9AE697B6E4BBBBE58AA13C2F7370616E3E3C7370616E207374796C653D22636F6C6F723A207267622835312C2035312C203531293B223EE380813C2F7370616E3E3C7370616E207374796C653D22636F6C6F723A207267622835312C2035312C203531293B223EE69C8DE58AA1E79B91E68EA7E38081E799BBE5BD95E697A5E5BF97E38081E6938DE4BD9CE697A5E5BF97E38081E4BBA3E7A081E7949FE68890E7AD89E58A9FE883BDE38082E585B6E4B8ADEFBC8CE8BF98E694AFE68C81E5A49AE695B0E68DAEE6BA90E38081E695B0E68DAEE69D83E99990E38081E59BBDE99985E58C96E380815265646973E7BC93E5AD98E38081446F636B6572E983A8E7BDB2E38081E6BB91E58AA8E9AA8CE8AF81E7A081E38081E7ACACE4B889E696B9E8AEA4E8AF81E799BBE5BD95E38081E58886E5B883E5BC8FE4BA8BE58AA1E380813C2F7370616E3E3C666F6E7420636F6C6F723D2223333333333333223EE58886E5B883E5BC8FE69687E4BBB6E5AD98E582A83C2F666F6E743E3C7370616E207374796C653D22636F6C6F723A207267622835312C2035312C203531293B223EE38081E58886E5BA93E58886E8A1A8E5A484E79086E7AD89E68A80E69CAFE789B9E782B9E380823C2F7370616E3E3C2F703E3C703E3C696D67207372633D2268747470733A2F2F666F727564612E67697465652E636F6D2F696D616765732F313737333933313834383334323433393033322F61346432323331335F313831353039352E706E6722207374796C653D2277696474683A20363470783B223E3C62723E3C2F703E3C703E3C7370616E207374796C653D22636F6C6F723A20726762283233302C20302C2030293B223EE5AE98E7BD91E58F8AE6BC94E7A4BA3C2F7370616E3E3C2F703E3C703E3C7370616E207374796C653D22636F6C6F723A207267622835312C2035312C203531293B223EE88BA5E4BE9DE5AE98E7BD91E59CB0E59D80EFBC9A266E6273703B3C2F7370616E3E3C6120687265663D22687474703A2F2F72756F79692E76697022207461726765743D225F626C616E6B223E687474703A2F2F72756F79692E7669703C2F613E3C6120687265663D22687474703A2F2F72756F79692E76697022207461726765743D225F626C616E6B223E3C2F613E3C2F703E3C703E3C7370616E207374796C653D22636F6C6F723A207267622835312C2035312C203531293B223EE88BA5E4BE9DE69687E6A1A3E59CB0E59D80EFBC9A266E6273703B3C2F7370616E3E3C6120687265663D22687474703A2F2F646F632E72756F79692E76697022207461726765743D225F626C616E6B223E687474703A2F2F646F632E72756F79692E7669703C2F613E3C62723E3C2F703E3C703E3C7370616E207374796C653D22636F6C6F723A207267622835312C2035312C203531293B223EE6BC94E7A4BAE59CB0E59D80E38090E4B88DE58886E7A6BBE78988E38091EFBC9A266E6273703B3C2F7370616E3E3C6120687265663D22687474703A2F2F64656D6F2E72756F79692E76697022207461726765743D225F626C616E6B223E687474703A2F2F64656D6F2E72756F79692E7669703C2F613E3C2F703E3C703E3C7370616E207374796C653D22636F6C6F723A207267622835312C2035312C203531293B223EE6BC94E7A4BAE59CB0E59D80E38090E58886E7A6BBE78988E69CACE38091EFBC9A266E6273703B3C2F7370616E3E3C6120687265663D22687474703A2F2F7675652E72756F79692E76697022207461726765743D225F626C616E6B223E687474703A2F2F7675652E72756F79692E7669703C2F613E3C2F703E3C703E3C7370616E207374796C653D22636F6C6F723A207267622835312C2035312C203531293B223EE6BC94E7A4BAE59CB0E59D80E38090E5BEAEE69C8DE58AA1E78988E38091EFBC9A266E6273703B3C2F7370616E3E3C6120687265663D22687474703A2F2F636C6F75642E72756F79692E76697022207461726765743D225F626C616E6B223E687474703A2F2F636C6F75642E72756F79692E7669703C2F613E3C2F703E3C703E3C7370616E207374796C653D22636F6C6F723A207267622835312C2035312C203531293B223EE6BC94E7A4BAE59CB0E59D80E38090E7A7BBE58AA8E7ABAFE78988E38091EFBC9A266E6273703B3C2F7370616E3E3C6120687265663D22687474703A2F2F68352E72756F79692E76697022207461726765743D225F626C616E6B223E687474703A2F2F68352E72756F79692E7669703C2F613E3C2F703E3C703E3C6272207374796C653D22636F6C6F723A207267622834382C2034392C203531293B20666F6E742D66616D696C793A202671756F743B48656C766574696361204E6575652671756F743B2C2048656C7665746963612C20417269616C2C2073616E732D73657269663B20666F6E742D73697A653A20313270783B223E3C2F703E, '0', 'admin', '2026-06-11 21:52:01', '', NULL, 'з®ЎзҗҶе‘ҳ');

-- ----------------------------
-- Table structure for sys_notice_read
-- ----------------------------
DROP TABLE IF EXISTS `sys_notice_read`;
CREATE TABLE `sys_notice_read`  (
  `read_id` bigint NOT NULL AUTO_INCREMENT COMMENT 'е·ІиҜ»дё»й”®',
  `notice_id` int NOT NULL COMMENT 'е…¬е‘Ҡid',
  `user_id` bigint NOT NULL COMMENT 'з”ЁжҲ·id',
  `read_time` datetime NOT NULL COMMENT 'йҳ…иҜ»ж—¶й—ҙ',
  PRIMARY KEY (`read_id`) USING BTREE,
  UNIQUE INDEX `uk_user_notice`(`user_id` ASC, `notice_id` ASC) USING BTREE COMMENT 'еҗҢдёҖз”ЁжҲ·еҗҢдёҖе…¬е‘ҠеҸӘи®°еҪ•дёҖж¬Ў'
) ENGINE = InnoDB AUTO_INCREMENT = 2 CHARACTER SET = utf8mb3 COLLATE = utf8mb3_general_ci COMMENT = 'е…¬е‘Ҡе·ІиҜ»и®°еҪ•иЎЁ' ROW_FORMAT = Dynamic;

-- ----------------------------
-- Records of sys_notice_read
-- ----------------------------
INSERT INTO `sys_notice_read` VALUES (1, 3, 1, '2026-07-09 16:30:07');

-- ----------------------------
-- Table structure for sys_oper_log
-- ----------------------------
DROP TABLE IF EXISTS `sys_oper_log`;
CREATE TABLE `sys_oper_log`  (
  `oper_id` bigint NOT NULL AUTO_INCREMENT COMMENT 'ж—Ҙеҝ—дё»й”®',
  `title` varchar(50) CHARACTER SET utf8mb3 COLLATE utf8mb3_general_ci NULL DEFAULT '' COMMENT 'жЁЎеқ—ж Үйўҳ',
  `business_type` int NULL DEFAULT 0 COMMENT 'дёҡеҠЎзұ»еһӢпјҲ0е…¶е®ғ 1ж–°еўһ 2дҝ®ж”№ 3еҲ йҷӨпјү',
  `method` varchar(200) CHARACTER SET utf8mb3 COLLATE utf8mb3_general_ci NULL DEFAULT '' COMMENT 'ж–№жі•еҗҚз§°',
  `request_method` varchar(10) CHARACTER SET utf8mb3 COLLATE utf8mb3_general_ci NULL DEFAULT '' COMMENT 'иҜ·жұӮж–№ејҸ',
  `operator_type` int NULL DEFAULT 0 COMMENT 'ж“ҚдҪңзұ»еҲ«пјҲ0е…¶е®ғ 1еҗҺеҸ°з”ЁжҲ· 2жүӢжңәз«Ҝз”ЁжҲ·пјү',
  `oper_name` varchar(50) CHARACTER SET utf8mb3 COLLATE utf8mb3_general_ci NULL DEFAULT '' COMMENT 'ж“ҚдҪңдәәе‘ҳ',
  `dept_name` varchar(50) CHARACTER SET utf8mb3 COLLATE utf8mb3_general_ci NULL DEFAULT '' COMMENT 'йғЁй—ЁеҗҚз§°',
  `oper_url` varchar(255) CHARACTER SET utf8mb3 COLLATE utf8mb3_general_ci NULL DEFAULT '' COMMENT 'иҜ·жұӮURL',
  `oper_ip` varchar(128) CHARACTER SET utf8mb3 COLLATE utf8mb3_general_ci NULL DEFAULT '' COMMENT 'дё»жңәең°еқҖ',
  `oper_location` varchar(255) CHARACTER SET utf8mb3 COLLATE utf8mb3_general_ci NULL DEFAULT '' COMMENT 'ж“ҚдҪңең°зӮ№',
  `oper_param` varchar(2000) CHARACTER SET utf8mb3 COLLATE utf8mb3_general_ci NULL DEFAULT '' COMMENT 'иҜ·жұӮеҸӮж•°',
  `json_result` varchar(2000) CHARACTER SET utf8mb3 COLLATE utf8mb3_general_ci NULL DEFAULT '' COMMENT 'иҝ”еӣһеҸӮж•°',
  `status` int NULL DEFAULT 0 COMMENT 'ж“ҚдҪңзҠ¶жҖҒпјҲ0жӯЈеёё 1ејӮеёёпјү',
  `error_msg` varchar(2000) CHARACTER SET utf8mb3 COLLATE utf8mb3_general_ci NULL DEFAULT '' COMMENT 'й”ҷиҜҜж¶ҲжҒҜ',
  `oper_time` datetime NULL DEFAULT NULL COMMENT 'ж“ҚдҪңж—¶й—ҙ',
  `cost_time` bigint NULL DEFAULT 0 COMMENT 'ж¶ҲиҖ—ж—¶й—ҙ',
  PRIMARY KEY (`oper_id`) USING BTREE,
  INDEX `idx_sys_oper_log_bt`(`business_type` ASC) USING BTREE,
  INDEX `idx_sys_oper_log_s`(`status` ASC) USING BTREE,
  INDEX `idx_sys_oper_log_ot`(`oper_time` ASC) USING BTREE
) ENGINE = InnoDB AUTO_INCREMENT = 170 CHARACTER SET = utf8mb3 COLLATE = utf8mb3_general_ci COMMENT = 'ж“ҚдҪңж—Ҙеҝ—и®°еҪ•' ROW_FORMAT = Dynamic;

-- ----------------------------
-- Records of sys_oper_log
-- ----------------------------
INSERT INTO `sys_oper_log` VALUES (100, 'иҸңеҚ•з®ЎзҗҶ', 3, 'com.ruoyi.web.controller.system.SysMenuController.remove()', 'DELETE', 1, 'admin', 'з ”еҸ‘йғЁй—Ё', '/system/menu/4', '10.176.192.44', 'еҶ…зҪ‘IP', '4 ', '{\"msg\":\"иҸңеҚ•е·ІеҲҶй…Қ,дёҚе…Ғи®ёеҲ йҷӨ\",\"code\":601}', 0, NULL, '2026-06-13 22:10:16', 37);
INSERT INTO `sys_oper_log` VALUES (101, 'иҸңеҚ•з®ЎзҗҶ', 2, 'com.ruoyi.web.controller.system.SysMenuController.edit()', 'PUT', 1, 'admin', 'з ”еҸ‘йғЁй—Ё', '/system/menu', '10.176.192.44', 'еҶ…зҪ‘IP', '{\"children\":[],\"createTime\":\"2026-06-11 21:52:01\",\"icon\":\"guide\",\"isCache\":\"0\",\"isFrame\":\"0\",\"menuId\":4,\"menuName\":\"иӢҘдҫқе®ҳзҪ‘\",\"menuType\":\"M\",\"orderNum\":4,\"params\":{},\"parentId\":0,\"path\":\"http://ruoyi.vip\",\"perms\":\"\",\"query\":\"\",\"routeName\":\"\",\"status\":\"0\",\"updateBy\":\"admin\",\"visible\":\"1\"} ', '{\"msg\":\"ж“ҚдҪңжҲҗеҠҹ\",\"code\":200}', 0, NULL, '2026-06-13 22:10:21', 83);
INSERT INTO `sys_oper_log` VALUES (102, 'иҸңеҚ•з®ЎзҗҶ', 3, 'com.ruoyi.web.controller.system.SysMenuController.remove()', 'DELETE', 1, 'admin', 'з ”еҸ‘йғЁй—Ё', '/system/menu/117', '10.176.192.44', 'еҶ…зҪ‘IP', '117 ', '{\"msg\":\"иҸңеҚ•е·ІеҲҶй…Қ,дёҚе…Ғи®ёеҲ йҷӨ\",\"code\":601}', 0, NULL, '2026-06-13 22:10:27', 9);
INSERT INTO `sys_oper_log` VALUES (103, 'иҸңеҚ•з®ЎзҗҶ', 2, 'com.ruoyi.web.controller.system.SysMenuController.edit()', 'PUT', 1, 'admin', 'з ”еҸ‘йғЁй—Ё', '/system/menu', '10.176.192.44', 'еҶ…зҪ‘IP', '{\"children\":[],\"component\":\"tool/swagger/index\",\"createTime\":\"2026-06-11 21:52:01\",\"icon\":\"swagger\",\"isCache\":\"0\",\"isFrame\":\"1\",\"menuId\":117,\"menuName\":\"зі»з»ҹжҺҘеҸЈ\",\"menuType\":\"C\",\"orderNum\":3,\"params\":{},\"parentId\":3,\"path\":\"swagger\",\"perms\":\"tool:swagger:list\",\"query\":\"\",\"routeName\":\"\",\"status\":\"0\",\"updateBy\":\"admin\",\"visible\":\"1\"} ', '{\"msg\":\"ж“ҚдҪңжҲҗеҠҹ\",\"code\":200}', 0, NULL, '2026-06-13 22:10:36', 19);
INSERT INTO `sys_oper_log` VALUES (104, 'иҸңеҚ•з®ЎзҗҶ', 3, 'com.ruoyi.web.controller.system.SysMenuController.remove()', 'DELETE', 1, 'admin', 'з ”еҸ‘йғЁй—Ё', '/system/menu/4', '10.176.192.44', 'еҶ…зҪ‘IP', '4 ', '{\"msg\":\"иҸңеҚ•е·ІеҲҶй…Қ,дёҚе…Ғи®ёеҲ йҷӨ\",\"code\":601}', 0, NULL, '2026-06-13 22:11:12', 7);
INSERT INTO `sys_oper_log` VALUES (105, 'и§’иүІз®ЎзҗҶ', 2, 'com.ruoyi.web.controller.system.SysRoleController.edit()', 'PUT', 1, 'admin', 'з ”еҸ‘йғЁй—Ё', '/system/role', '10.176.192.44', 'еҶ…зҪ‘IP', '{\"admin\":false,\"createTime\":\"2026-06-11 21:52:01\",\"dataScope\":\"2\",\"delFlag\":\"0\",\"deptCheckStrictly\":true,\"flag\":false,\"menuCheckStrictly\":true,\"menuIds\":[3,1,100,1000,1001,1002,1003,1004,1005,1006,101,1007,1008,1009,1010,1011,102,1012,1013,1014,1015,103,1016,1017,1018,1019,104,1020,1021,1022,1023,1024,105,1025,1026,1027,1028,1029,106,1030,1031,1032,1033,1034,107,1035,1036,1037,1038,108,500,1039,1040,1041,501,1042,1043,1044,1045,2,109,1046,1047,1048,110,1049,1050,1051,1052,1053,1054,111,112,113,114,115,116,1055,1056,1057,1058,1059,1060],\"params\":{},\"remark\":\"жҷ®йҖҡи§’иүІ\",\"roleId\":2,\"roleKey\":\"common\",\"roleName\":\"жҷ®йҖҡи§’иүІ\",\"roleSort\":2,\"status\":\"0\",\"updateBy\":\"admin\"} ', '{\"msg\":\"ж“ҚдҪңжҲҗеҠҹ\",\"code\":200}', 0, NULL, '2026-06-13 22:11:40', 75);
INSERT INTO `sys_oper_log` VALUES (106, 'иҸңеҚ•з®ЎзҗҶ', 3, 'com.ruoyi.web.controller.system.SysMenuController.remove()', 'DELETE', 1, 'admin', 'з ”еҸ‘йғЁй—Ё', '/system/menu/4', '10.176.192.44', 'еҶ…зҪ‘IP', '4 ', '{\"msg\":\"ж“ҚдҪңжҲҗеҠҹ\",\"code\":200}', 0, NULL, '2026-06-13 22:11:49', 12);
INSERT INTO `sys_oper_log` VALUES (107, 'иҸңеҚ•з®ЎзҗҶ', 3, 'com.ruoyi.web.controller.system.SysMenuController.remove()', 'DELETE', 1, 'admin', 'з ”еҸ‘йғЁй—Ё', '/system/menu/117', '10.176.192.44', 'еҶ…зҪ‘IP', '117 ', '{\"msg\":\"ж“ҚдҪңжҲҗеҠҹ\",\"code\":200}', 0, NULL, '2026-06-13 22:12:02', 10);
INSERT INTO `sys_oper_log` VALUES (108, 'иҸңеҚ•з®ЎзҗҶ', 1, 'com.ruoyi.web.controller.system.SysMenuController.add()', 'POST', 1, 'admin', 'з ”еҸ‘йғЁй—Ё', '/system/menu', '127.0.0.1', 'еҶ…зҪ‘IP', '{\"children\":[],\"createBy\":\"admin\",\"icon\":\"build\",\"isCache\":\"0\",\"isFrame\":\"1\",\"menuName\":\"еӣәе®ҡиө„дә§\",\"menuType\":\"M\",\"orderNum\":4,\"params\":{},\"parentId\":0,\"path\":\"asset\",\"status\":\"0\",\"visible\":\"0\"} ', '{\"msg\":\"ж“ҚдҪңжҲҗеҠҹ\",\"code\":200}', 0, NULL, '2026-06-16 17:46:22', 37);
INSERT INTO `sys_oper_log` VALUES (109, 'иҸңеҚ•з®ЎзҗҶ', 1, 'com.ruoyi.web.controller.system.SysMenuController.add()', 'POST', 1, 'admin', 'з ”еҸ‘йғЁй—Ё', '/system/menu', '127.0.0.1', 'еҶ…зҪ‘IP', '{\"children\":[],\"createBy\":\"admin\",\"isCache\":\"0\",\"isFrame\":\"1\",\"menuName\":\"иө„дә§еҚ•дҪҚ\",\"menuType\":\"C\",\"orderNum\":1,\"params\":{},\"parentId\":2000,\"path\":\"unit\",\"status\":\"0\",\"visible\":\"0\"} ', '{\"msg\":\"ж“ҚдҪңжҲҗеҠҹ\",\"code\":200}', 0, NULL, '2026-06-16 17:47:22', 15);
INSERT INTO `sys_oper_log` VALUES (110, 'иҸңеҚ•з®ЎзҗҶ', 1, 'com.ruoyi.web.controller.system.SysMenuController.add()', 'POST', 1, 'admin', 'з ”еҸ‘йғЁй—Ё', '/system/menu', '127.0.0.1', 'еҶ…зҪ‘IP', '{\"children\":[],\"component\":\"asset/category/index\",\"createBy\":\"admin\",\"isCache\":\"0\",\"isFrame\":\"1\",\"menuName\":\"category\",\"menuType\":\"C\",\"orderNum\":2,\"params\":{},\"parentId\":2000,\"path\":\"category\",\"status\":\"0\",\"visible\":\"0\"} ', '{\"msg\":\"ж“ҚдҪңжҲҗеҠҹ\",\"code\":200}', 0, NULL, '2026-06-16 17:48:12', 16);
INSERT INTO `sys_oper_log` VALUES (111, 'иҸңеҚ•з®ЎзҗҶ', 2, 'com.ruoyi.web.controller.system.SysMenuController.edit()', 'PUT', 1, 'admin', 'з ”еҸ‘йғЁй—Ё', '/system/menu', '127.0.0.1', 'еҶ…зҪ‘IP', '{\"children\":[],\"component\":\"asset/unit/index\",\"createTime\":\"2026-06-16 17:47:22\",\"icon\":\"#\",\"isCache\":\"0\",\"isFrame\":\"1\",\"menuId\":2001,\"menuName\":\"иө„дә§еҚ•дҪҚ\",\"menuType\":\"C\",\"orderNum\":1,\"params\":{},\"parentId\":2000,\"path\":\"unit\",\"perms\":\"\",\"routeName\":\"\",\"status\":\"0\",\"updateBy\":\"admin\",\"visible\":\"0\"} ', '{\"msg\":\"ж“ҚдҪңжҲҗеҠҹ\",\"code\":200}', 0, NULL, '2026-06-16 17:48:28', 21);
INSERT INTO `sys_oper_log` VALUES (112, 'иҸңеҚ•з®ЎзҗҶ', 2, 'com.ruoyi.web.controller.system.SysMenuController.edit()', 'PUT', 1, 'admin', 'з ”еҸ‘йғЁй—Ё', '/system/menu', '127.0.0.1', 'еҶ…зҪ‘IP', '{\"children\":[],\"component\":\"asset/category/index\",\"createTime\":\"2026-06-16 17:48:12\",\"icon\":\"#\",\"isCache\":\"0\",\"isFrame\":\"1\",\"menuId\":2002,\"menuName\":\"иө„дә§е“Ғзұ»\",\"menuType\":\"C\",\"orderNum\":2,\"params\":{},\"parentId\":2000,\"path\":\"category\",\"perms\":\"\",\"routeName\":\"\",\"status\":\"0\",\"updateBy\":\"admin\",\"visible\":\"0\"} ', '{\"msg\":\"ж“ҚдҪңжҲҗеҠҹ\",\"code\":200}', 0, NULL, '2026-06-16 17:48:45', 15);
INSERT INTO `sys_oper_log` VALUES (113, 'иҸңеҚ•з®ЎзҗҶ', 1, 'com.ruoyi.web.controller.system.SysMenuController.add()', 'POST', 1, 'admin', 'з ”еҸ‘йғЁй—Ё', '/system/menu', '127.0.0.1', 'еҶ…зҪ‘IP', '{\"children\":[],\"component\":\"asser/supplier/index\",\"createBy\":\"admin\",\"isCache\":\"0\",\"isFrame\":\"1\",\"menuName\":\"иө„дә§дҫӣеә”е•Ҷ\",\"menuType\":\"C\",\"orderNum\":3,\"params\":{},\"parentId\":2000,\"path\":\"supplier\",\"status\":\"0\",\"visible\":\"0\"} ', '{\"msg\":\"ж“ҚдҪңжҲҗеҠҹ\",\"code\":200}', 0, NULL, '2026-06-17 23:46:25', 232);
INSERT INTO `sys_oper_log` VALUES (114, 'иҸңеҚ•з®ЎзҗҶ', 2, 'com.ruoyi.web.controller.system.SysMenuController.edit()', 'PUT', 1, 'admin', 'з ”еҸ‘йғЁй—Ё', '/system/menu', '127.0.0.1', 'еҶ…зҪ‘IP', '{\"children\":[],\"component\":\"asset/supplier/index\",\"createTime\":\"2026-06-17 23:46:25\",\"icon\":\"#\",\"isCache\":\"0\",\"isFrame\":\"1\",\"menuId\":2003,\"menuName\":\"иө„дә§дҫӣеә”е•Ҷ\",\"menuType\":\"C\",\"orderNum\":3,\"params\":{},\"parentId\":2000,\"path\":\"supplier\",\"perms\":\"\",\"routeName\":\"\",\"status\":\"0\",\"updateBy\":\"admin\",\"visible\":\"0\"} ', '{\"msg\":\"ж“ҚдҪңжҲҗеҠҹ\",\"code\":200}', 0, NULL, '2026-06-17 23:54:31', 31);
INSERT INTO `sys_oper_log` VALUES (115, 'иҸңеҚ•з®ЎзҗҶ', 1, 'com.ruoyi.web.controller.system.SysMenuController.add()', 'POST', 1, 'admin', 'з ”еҸ‘йғЁй—Ё', '/system/menu', '127.0.0.1', 'еҶ…зҪ‘IP', '{\"children\":[],\"component\":\"asset/warehouse/index\",\"createBy\":\"admin\",\"isCache\":\"0\",\"isFrame\":\"1\",\"menuName\":\"иө„дә§д»“еә“\",\"menuType\":\"C\",\"orderNum\":4,\"params\":{},\"parentId\":2000,\"path\":\"warehouse\",\"status\":\"0\",\"visible\":\"0\"} ', '{\"msg\":\"ж“ҚдҪңжҲҗеҠҹ\",\"code\":200}', 0, NULL, '2026-06-18 23:44:01', 276);
INSERT INTO `sys_oper_log` VALUES (116, 'и§’иүІз®ЎзҗҶ', 5, 'com.ruoyi.web.controller.system.SysRoleController.export()', 'POST', 1, 'admin', 'з ”еҸ‘йғЁй—Ё', '/system/role/export', '127.0.0.1', 'еҶ…зҪ‘IP', '{\"pageSize\":\"10\",\"pageNum\":\"1\"}', NULL, 0, NULL, '2026-06-20 14:54:19', 552);
INSERT INTO `sys_oper_log` VALUES (117, 'и§’иүІз®ЎзҗҶ', 5, 'com.ruoyi.web.controller.system.SysRoleController.export()', 'POST', 1, 'admin', 'з ”еҸ‘йғЁй—Ё', '/system/role/export', '127.0.0.1', 'еҶ…зҪ‘IP', '{\"pageSize\":\"10\",\"pageNum\":\"1\"}', NULL, 0, NULL, '2026-06-20 14:54:44', 41);
INSERT INTO `sys_oper_log` VALUES (118, 'з”ЁжҲ·з®ЎзҗҶ', 6, 'com.ruoyi.web.controller.system.SysUserController.importData()', 'POST', 1, 'admin', 'з ”еҸ‘йғЁй—Ё', '/system/user/importData', '127.0.0.1', 'еҶ…зҪ‘IP', '{\"updateSupport\":\"0\"}', '{\"msg\":\"жҒӯе–ңжӮЁпјҢж•°жҚ®е·Іе…ЁйғЁеҜје…ҘжҲҗеҠҹпјҒе…ұ 1 жқЎпјҢж•°жҚ®еҰӮдёӢпјҡ<br/>1гҖҒиҙҰеҸ· rege еҜје…ҘжҲҗеҠҹ\",\"code\":200}', 0, NULL, '2026-06-20 15:27:34', 574);
INSERT INTO `sys_oper_log` VALUES (119, 'з”ЁжҲ·з®ЎзҗҶ', 3, 'com.ruoyi.web.controller.system.SysUserController.remove()', 'DELETE', 1, 'admin', 'з ”еҸ‘йғЁй—Ё', '/system/user/100', '127.0.0.1', 'еҶ…зҪ‘IP', '[100] ', '{\"msg\":\"ж“ҚдҪңжҲҗеҠҹ\",\"code\":200}', 0, NULL, '2026-06-20 15:27:45', 54);
INSERT INTO `sys_oper_log` VALUES (120, 'иҸңеҚ•з®ЎзҗҶ', 1, 'com.ruoyi.web.controller.system.SysMenuController.add()', 'POST', 1, 'admin', 'з ”еҸ‘йғЁй—Ё', '/system/menu', '10.39.135.188', 'еҶ…зҪ‘IP', '{\"children\":[],\"component\":\"asset/purchase/index\",\"createBy\":\"admin\",\"isCache\":\"0\",\"isFrame\":\"1\",\"menuName\":\"иө„дә§йҮҮиҙӯ\",\"menuType\":\"C\",\"orderNum\":5,\"params\":{},\"parentId\":2000,\"path\":\"purchase\",\"status\":\"0\",\"visible\":\"0\"} ', '{\"msg\":\"ж“ҚдҪңжҲҗеҠҹ\",\"code\":200}', 0, NULL, '2026-06-28 17:46:54', 37);
INSERT INTO `sys_oper_log` VALUES (121, 'иҸңеҚ•з®ЎзҗҶ', 1, 'com.ruoyi.web.controller.system.SysMenuController.add()', 'POST', 1, 'admin', 'з ”еҸ‘йғЁй—Ё', '/system/menu', '127.0.0.1', 'еҶ…зҪ‘IP', '{\"children\":[],\"component\":\"asset/audit/index\",\"createBy\":\"admin\",\"isCache\":\"0\",\"isFrame\":\"1\",\"menuName\":\"иө„дә§е®Ўж ё\",\"menuType\":\"C\",\"orderNum\":6,\"params\":{},\"parentId\":2000,\"path\":\"audit\",\"status\":\"0\",\"visible\":\"0\"} ', '{\"msg\":\"ж“ҚдҪңжҲҗеҠҹ\",\"code\":200}', 0, NULL, '2026-06-28 21:06:57', 234);
INSERT INTO `sys_oper_log` VALUES (122, 'иҸңеҚ•з®ЎзҗҶ', 1, 'com.ruoyi.web.controller.system.SysMenuController.add()', 'POST', 1, 'admin', 'з ”еҸ‘йғЁй—Ё', '/system/menu', '192.168.1.9', 'еҶ…зҪ‘IP', '{\"children\":[],\"component\":\"asset/detail/index\",\"createBy\":\"admin\",\"isCache\":\"0\",\"isFrame\":\"1\",\"menuName\":\"иө„дә§иҜҰжғ…\",\"menuType\":\"C\",\"orderNum\":7,\"params\":{},\"parentId\":2000,\"path\":\"detail\",\"status\":\"0\",\"visible\":\"0\"} ', '{\"msg\":\"ж“ҚдҪңжҲҗеҠҹ\",\"code\":200}', 0, NULL, '2026-07-08 16:36:14', 38);
INSERT INTO `sys_oper_log` VALUES (123, 'иҸңеҚ•з®ЎзҗҶ', 1, 'com.ruoyi.web.controller.system.SysMenuController.add()', 'POST', 1, 'admin', 'з ”еҸ‘йғЁй—Ё', '/system/menu', '192.168.1.9', 'еҶ…зҪ‘IP', '{\"children\":[],\"component\":\"asset/repair/index\",\"createBy\":\"admin\",\"isCache\":\"0\",\"isFrame\":\"1\",\"menuName\":\"иө„дә§жҠҘдҝ®\",\"menuType\":\"C\",\"orderNum\":8,\"params\":{},\"parentId\":2000,\"path\":\"repair\",\"status\":\"0\",\"visible\":\"0\"} ', '{\"msg\":\"ж“ҚдҪңжҲҗеҠҹ\",\"code\":200}', 0, NULL, '2026-07-08 16:37:23', 18);
INSERT INTO `sys_oper_log` VALUES (124, 'иҸңеҚ•з®ЎзҗҶ', 2, 'com.ruoyi.web.controller.system.SysMenuController.edit()', 'PUT', 1, 'admin', 'з ”еҸ‘йғЁй—Ё', '/system/menu', '192.168.1.9', 'еҶ…зҪ‘IP', '{\"children\":[],\"component\":\"asset/detail/index\",\"createTime\":\"2026-07-08 16:36:14\",\"icon\":\"#\",\"isCache\":\"0\",\"isFrame\":\"1\",\"menuId\":2007,\"menuName\":\"иө„дә§иҜҰжғ…\",\"menuType\":\"C\",\"orderNum\":7,\"params\":{},\"parentId\":2000,\"path\":\"detail\",\"perms\":\"\",\"routeName\":\"\",\"status\":\"0\",\"updateBy\":\"admin\",\"visible\":\"0\"} ', '{\"msg\":\"ж“ҚдҪңжҲҗеҠҹ\",\"code\":200}', 0, NULL, '2026-07-08 16:58:41', 43);
INSERT INTO `sys_oper_log` VALUES (125, 'иҸңеҚ•з®ЎзҗҶ', 2, 'com.ruoyi.web.controller.system.SysMenuController.edit()', 'PUT', 1, 'admin', 'з ”еҸ‘йғЁй—Ё', '/system/menu', '192.168.1.9', 'еҶ…зҪ‘IP', '{\"children\":[],\"component\":\"asset/detail/index\",\"createTime\":\"2026-07-08 16:36:14\",\"icon\":\"#\",\"isCache\":\"0\",\"isFrame\":\"1\",\"menuId\":2007,\"menuName\":\"иө„дә§иҜҰжғ…\",\"menuType\":\"C\",\"orderNum\":7,\"params\":{},\"parentId\":2000,\"path\":\"detail\",\"perms\":\"\",\"routeName\":\"\",\"status\":\"0\",\"updateBy\":\"admin\",\"visible\":\"0\"} ', '{\"msg\":\"ж“ҚдҪңжҲҗеҠҹ\",\"code\":200}', 0, NULL, '2026-07-08 16:59:54', 17);
INSERT INTO `sys_oper_log` VALUES (126, 'иҸңеҚ•з®ЎзҗҶ', 2, 'com.ruoyi.web.controller.system.SysMenuController.edit()', 'PUT', 1, 'admin', 'з ”еҸ‘йғЁй—Ё', '/system/menu', '192.168.1.9', 'еҶ…зҪ‘IP', '{\"children\":[],\"createTime\":\"2026-06-11 21:52:01\",\"icon\":\"monitor\",\"isCache\":\"0\",\"isFrame\":\"1\",\"menuId\":2,\"menuName\":\"зі»з»ҹзӣ‘жҺ§\",\"menuType\":\"M\",\"orderNum\":2,\"params\":{},\"parentId\":0,\"path\":\"monitor\",\"perms\":\"\",\"query\":\"\",\"routeName\":\"\",\"status\":\"0\",\"updateBy\":\"admin\",\"visible\":\"1\"} ', '{\"msg\":\"ж“ҚдҪңжҲҗеҠҹ\",\"code\":200}', 0, NULL, '2026-07-09 16:25:27', 39);
INSERT INTO `sys_oper_log` VALUES (127, 'иҸңеҚ•з®ЎзҗҶ', 2, 'com.ruoyi.web.controller.system.SysMenuController.edit()', 'PUT', 1, 'admin', 'з ”еҸ‘йғЁй—Ё', '/system/menu', '192.168.1.9', 'еҶ…зҪ‘IP', '{\"children\":[],\"createTime\":\"2026-06-11 21:52:01\",\"icon\":\"tool\",\"isCache\":\"0\",\"isFrame\":\"1\",\"menuId\":3,\"menuName\":\"зі»з»ҹе·Ҙе…·\",\"menuType\":\"M\",\"orderNum\":3,\"params\":{},\"parentId\":0,\"path\":\"tool\",\"perms\":\"\",\"query\":\"\",\"routeName\":\"\",\"status\":\"1\",\"updateBy\":\"admin\",\"visible\":\"1\"} ', '{\"msg\":\"ж“ҚдҪңжҲҗеҠҹ\",\"code\":200}', 0, NULL, '2026-07-09 16:25:59', 18);
INSERT INTO `sys_oper_log` VALUES (128, 'иҸңеҚ•з®ЎзҗҶ', 2, 'com.ruoyi.web.controller.system.SysMenuController.edit()', 'PUT', 1, 'admin', 'з ”еҸ‘йғЁй—Ё', '/system/menu', '192.168.1.9', 'еҶ…зҪ‘IP', '{\"children\":[],\"createTime\":\"2026-06-11 21:52:01\",\"icon\":\"tool\",\"isCache\":\"0\",\"isFrame\":\"1\",\"menuId\":3,\"menuName\":\"зі»з»ҹе·Ҙе…·\",\"menuType\":\"M\",\"orderNum\":3,\"params\":{},\"parentId\":0,\"path\":\"tool\",\"perms\":\"\",\"query\":\"\",\"routeName\":\"\",\"status\":\"0\",\"updateBy\":\"admin\",\"visible\":\"1\"} ', '{\"msg\":\"ж“ҚдҪңжҲҗеҠҹ\",\"code\":200}', 0, NULL, '2026-07-09 16:30:39', 16);
INSERT INTO `sys_oper_log` VALUES (129, 'иҸңеҚ•з®ЎзҗҶ', 2, 'com.ruoyi.web.controller.system.SysMenuController.edit()', 'PUT', 1, 'admin', 'з ”еҸ‘йғЁй—Ё', '/system/menu', '192.168.1.9', 'еҶ…зҪ‘IP', '{\"children\":[],\"component\":\"system/dept/index\",\"createTime\":\"2026-06-11 21:52:01\",\"icon\":\"tree\",\"isCache\":\"0\",\"isFrame\":\"1\",\"menuId\":103,\"menuName\":\"йғЁй—Ёз®ЎзҗҶ\",\"menuType\":\"C\",\"orderNum\":4,\"params\":{},\"parentId\":1,\"path\":\"dept\",\"perms\":\"system:dept:list\",\"query\":\"\",\"routeName\":\"\",\"status\":\"0\",\"updateBy\":\"admin\",\"visible\":\"1\"} ', '{\"msg\":\"ж“ҚдҪңжҲҗеҠҹ\",\"code\":200}', 0, NULL, '2026-07-09 16:31:21', 15);
INSERT INTO `sys_oper_log` VALUES (130, 'иҸңеҚ•з®ЎзҗҶ', 2, 'com.ruoyi.web.controller.system.SysMenuController.edit()', 'PUT', 1, 'admin', 'з ”еҸ‘йғЁй—Ё', '/system/menu', '192.168.1.9', 'еҶ…зҪ‘IP', '{\"children\":[],\"component\":\"system/post/index\",\"createTime\":\"2026-06-11 21:52:01\",\"icon\":\"post\",\"isCache\":\"0\",\"isFrame\":\"1\",\"menuId\":104,\"menuName\":\"еІ—дҪҚз®ЎзҗҶ\",\"menuType\":\"C\",\"orderNum\":5,\"params\":{},\"parentId\":1,\"path\":\"post\",\"perms\":\"system:post:list\",\"query\":\"\",\"routeName\":\"\",\"status\":\"0\",\"updateBy\":\"admin\",\"visible\":\"1\"} ', '{\"msg\":\"ж“ҚдҪңжҲҗеҠҹ\",\"code\":200}', 0, NULL, '2026-07-09 16:31:28', 14);
INSERT INTO `sys_oper_log` VALUES (131, 'иҸңеҚ•з®ЎзҗҶ', 2, 'com.ruoyi.web.controller.system.SysMenuController.edit()', 'PUT', 1, 'admin', 'з ”еҸ‘йғЁй—Ё', '/system/menu', '192.168.1.9', 'еҶ…зҪ‘IP', '{\"children\":[],\"component\":\"system/notice/index\",\"createTime\":\"2026-06-11 21:52:01\",\"icon\":\"message\",\"isCache\":\"0\",\"isFrame\":\"1\",\"menuId\":107,\"menuName\":\"йҖҡзҹҘе…¬е‘Ҡ\",\"menuType\":\"C\",\"orderNum\":8,\"params\":{},\"parentId\":1,\"path\":\"notice\",\"perms\":\"system:notice:list\",\"query\":\"\",\"routeName\":\"\",\"status\":\"0\",\"updateBy\":\"admin\",\"visible\":\"1\"} ', '{\"msg\":\"ж“ҚдҪңжҲҗеҠҹ\",\"code\":200}', 0, NULL, '2026-07-09 16:31:32', 14);
INSERT INTO `sys_oper_log` VALUES (132, 'иҸңеҚ•з®ЎзҗҶ', 1, 'com.ruoyi.web.controller.system.SysMenuController.add()', 'POST', 1, 'dyx', 'жөӢиҜ•йғЁй—Ё', '/system/menu', '127.0.0.1', 'еҶ…зҪ‘IP', '{\"children\":[],\"isCache\":\"0\",\"isFrame\":\"1\",\"menuName\":\"иө„дә§з®ЎзҗҶ\",\"menuType\":\"M\",\"orderNum\":4,\"params\":{},\"parentId\":0,\"path\":\"asset\",\"status\":\"0\",\"visible\":\"0\"} ', '{\"msg\":\"ж–°еўһиҸңеҚ•\'иө„дә§з®ЎзҗҶ\'еӨұиҙҘпјҢи·Ҝз”ұеҗҚз§°жҲ–ең°еқҖе·ІеӯҳеңЁ\",\"code\":500}', 0, NULL, '2026-07-13 22:45:33', 27);
INSERT INTO `sys_oper_log` VALUES (133, 'иҸңеҚ•з®ЎзҗҶ', 1, 'com.ruoyi.web.controller.system.SysMenuController.add()', 'POST', 1, 'dyx', 'жөӢиҜ•йғЁй—Ё', '/system/menu', '127.0.0.1', 'еҶ…зҪ‘IP', '{\"children\":[],\"isCache\":\"0\",\"isFrame\":\"1\",\"menuName\":\"иө„дә§з®ЎзҗҶ\",\"menuType\":\"M\",\"orderNum\":4,\"params\":{},\"parentId\":0,\"path\":\"asset\",\"status\":\"0\",\"visible\":\"0\"} ', '{\"msg\":\"ж–°еўһиҸңеҚ•\'иө„дә§з®ЎзҗҶ\'еӨұиҙҘпјҢи·Ҝз”ұеҗҚз§°жҲ–ең°еқҖе·ІеӯҳеңЁ\",\"code\":500}', 0, NULL, '2026-07-13 22:52:26', 6);
INSERT INTO `sys_oper_log` VALUES (134, 'иҸңеҚ•з®ЎзҗҶ', 1, 'com.ruoyi.web.controller.system.SysMenuController.add()', 'POST', 1, 'dyx', 'жөӢиҜ•йғЁй—Ё', '/system/menu', '127.0.0.1', 'еҶ…зҪ‘IP', '{\"children\":[],\"isCache\":\"0\",\"isFrame\":\"1\",\"menuName\":\"иө„дә§з®ЎзҗҶ\",\"menuType\":\"M\",\"orderNum\":10,\"params\":{},\"parentId\":0,\"path\":\"asset\",\"status\":\"0\",\"visible\":\"0\"} ', '{\"msg\":\"ж–°еўһиҸңеҚ•\'иө„дә§з®ЎзҗҶ\'еӨұиҙҘпјҢи·Ҝз”ұеҗҚз§°жҲ–ең°еқҖе·ІеӯҳеңЁ\",\"code\":500}', 0, NULL, '2026-07-13 22:54:06', 5);
INSERT INTO `sys_oper_log` VALUES (135, 'иҸңеҚ•з®ЎзҗҶ', 1, 'com.ruoyi.web.controller.system.SysMenuController.add()', 'POST', 1, 'dyx', 'жөӢиҜ•йғЁй—Ё', '/system/menu', '127.0.0.1', 'еҶ…зҪ‘IP', '{\"children\":[],\"isCache\":\"0\",\"isFrame\":\"1\",\"menuName\":\"иө„дә§з®ЎзҗҶ\",\"menuType\":\"M\",\"orderNum\":10,\"params\":{},\"parentId\":0,\"path\":\"asset\",\"status\":\"0\",\"visible\":\"0\"} ', '{\"msg\":\"ж–°еўһиҸңеҚ•\'иө„дә§з®ЎзҗҶ\'еӨұиҙҘпјҢи·Ҝз”ұеҗҚз§°жҲ–ең°еқҖе·ІеӯҳеңЁ\",\"code\":500}', 0, NULL, '2026-07-13 22:54:11', 8);
INSERT INTO `sys_oper_log` VALUES (136, 'иҸңеҚ•з®ЎзҗҶ', 2, 'com.ruoyi.web.controller.system.SysMenuController.edit()', 'PUT', 1, 'dyx', 'жөӢиҜ•йғЁй—Ё', '/system/menu', '127.0.0.1', 'еҶ…зҪ‘IP', '{\"children\":[],\"createTime\":\"2026-06-11 21:52:01\",\"icon\":\"monitor\",\"isCache\":\"0\",\"isFrame\":\"1\",\"menuId\":2,\"menuName\":\"зі»з»ҹзӣ‘жҺ§\",\"menuType\":\"M\",\"orderNum\":2,\"params\":{},\"parentId\":0,\"path\":\"monitor\",\"perms\":\"\",\"query\":\"\",\"routeName\":\"\",\"status\":\"0\",\"updateBy\":\"dyx\",\"visible\":\"1\"} ', '{\"msg\":\"ж“ҚдҪңжҲҗеҠҹ\",\"code\":200}', 0, NULL, '2026-07-13 22:56:59', 16);
INSERT INTO `sys_oper_log` VALUES (137, 'з”ЁжҲ·еӨҙеғҸ', 2, 'com.ruoyi.web.controller.system.SysProfileController.avatar()', 'POST', 1, 'dyx', 'жөӢиҜ•йғЁй—Ё', '/system/user/profile/avatar', '192.168.1.9', 'еҶ…зҪ‘IP', '', '{\"msg\":\"ж“ҚдҪңжҲҗеҠҹ\",\"imgUrl\":\"/profile/avatar/2026/07/14/67e9019f87a742fd978ea1f8b79b942c.jpg\",\"code\":200}', 0, NULL, '2026-07-14 00:28:09', 105);
INSERT INTO `sys_oper_log` VALUES (138, 'дёӘдәәдҝЎжҒҜ', 2, 'com.ruoyi.web.controller.system.SysProfileController.updateProfile()', 'PUT', 1, 'dyx', 'жөӢиҜ•йғЁй—Ё', '/system/user/profile', '192.168.1.9', 'еҶ…зҪ‘IP', '{\"admin\":false,\"email\":\"dyx@qq.com\",\"nickName\":\"йӮ“ж°ёй‘«\",\"params\":{},\"phonenumber\":\"15666666666\",\"sex\":\"0\"} ', '{\"msg\":\"ж“ҚдҪңжҲҗеҠҹ\",\"code\":200}', 0, NULL, '2026-07-14 00:28:11', 21);
INSERT INTO `sys_oper_log` VALUES (139, 'з”ЁжҲ·з®ЎзҗҶ', 1, 'com.ruoyi.web.controller.system.SysUserController.add()', 'POST', 1, 'admin', 'з ”еҸ‘йғЁй—Ё', '/system/user', '127.0.0.1', 'еҶ…зҪ‘IP', '{\"admin\":false,\"createBy\":\"admin\",\"deptId\":105,\"nickName\":\"зүӣй©¬\",\"params\":{},\"postIds\":[4],\"roleIds\":[2],\"sex\":\"0\",\"status\":\"0\",\"userId\":101,\"userName\":\"зүӣй©¬\"} ', '{\"msg\":\"ж“ҚдҪңжҲҗеҠҹ\",\"code\":200}', 0, NULL, '2026-07-14 17:16:19', 145);
INSERT INTO `sys_oper_log` VALUES (140, 'з”ЁжҲ·з®ЎзҗҶ', 3, 'com.ruoyi.web.controller.system.SysUserController.remove()', 'DELETE', 1, 'admin', 'з ”еҸ‘йғЁй—Ё', '/system/user/101', '127.0.0.1', 'еҶ…зҪ‘IP', '[101] ', '{\"msg\":\"ж“ҚдҪңжҲҗеҠҹ\",\"code\":200}', 0, NULL, '2026-07-14 17:17:07', 17);
INSERT INTO `sys_oper_log` VALUES (141, 'з”ЁжҲ·з®ЎзҗҶ', 1, 'com.ruoyi.web.controller.system.SysUserController.add()', 'POST', 1, 'admin', 'з ”еҸ‘йғЁй—Ё', '/system/user', '127.0.0.1', 'еҶ…зҪ‘IP', '{\"admin\":false,\"createBy\":\"admin\",\"nickName\":\"зүӣй©¬\",\"params\":{},\"postIds\":[],\"roleIds\":[],\"status\":\"0\",\"userId\":102,\"userName\":\"niuma\"} ', '{\"msg\":\"ж“ҚдҪңжҲҗеҠҹ\",\"code\":200}', 0, NULL, '2026-07-14 17:17:22', 103);
INSERT INTO `sys_oper_log` VALUES (142, 'з”ЁжҲ·з®ЎзҗҶ', 2, 'com.ruoyi.web.controller.system.SysUserController.edit()', 'PUT', 1, 'admin', 'з ”еҸ‘йғЁй—Ё', '/system/user', '127.0.0.1', 'еҶ…зҪ‘IP', '{\"admin\":false,\"avatar\":\"\",\"createBy\":\"admin\",\"createTime\":\"2026-07-14 17:17:22\",\"delFlag\":\"0\",\"email\":\"\",\"loginDate\":\"2026-07-14 17:17:59\",\"loginIp\":\"192.168.0.100\",\"nickName\":\"зүӣй©¬\",\"params\":{},\"phonenumber\":\"\",\"postIds\":[],\"roleIds\":[2],\"roles\":[],\"sex\":\"0\",\"status\":\"0\",\"updateBy\":\"admin\",\"userId\":102,\"userName\":\"niuma\"} ', '{\"msg\":\"ж“ҚдҪңжҲҗеҠҹ\",\"code\":200}', 0, NULL, '2026-07-14 17:18:21', 22);
INSERT INTO `sys_oper_log` VALUES (143, 'дёӘдәәдҝЎжҒҜ', 2, 'com.ruoyi.web.controller.system.SysProfileController.updatePwd()', 'PUT', 1, 'dyx', 'жөӢиҜ•йғЁй—Ё', '/system/user/profile/updatePwd', '192.168.0.100', 'еҶ…зҪ‘IP', '{} ', '{\"msg\":\"дҝ®ж”№еҜҶз ҒеӨұиҙҘпјҢж—§еҜҶз Ғй”ҷиҜҜ\",\"code\":500}', 0, NULL, '2026-07-14 17:21:22', 96);
INSERT INTO `sys_oper_log` VALUES (144, 'дёӘдәәдҝЎжҒҜ', 2, 'com.ruoyi.web.controller.system.SysProfileController.updatePwd()', 'PUT', 1, 'niuma', NULL, '/system/user/profile/updatePwd', '192.168.0.100', 'еҶ…зҪ‘IP', '{} ', '{\"msg\":\"ж“ҚдҪңжҲҗеҠҹ\",\"code\":200}', 0, NULL, '2026-07-14 17:22:07', 283);
INSERT INTO `sys_oper_log` VALUES (145, 'иө„дә§жҠҘдҝ®', 2, 'com.ruoyi.asset.controller.AssetRepairController.updateRepairStatus()', 'PUT', 1, 'admin', 'з ”еҸ‘йғЁй—Ё', '/repair/12/1', '127.0.0.1', 'еҶ…зҪ‘IP', '12 \"1\" ', '{\"code\":200,\"msg\":\"дҝ®ж”№з»ҙдҝ®зҠ¶жҖҒжҲҗеҠҹ\"}', 0, NULL, '2026-07-14 19:23:29', 34);
INSERT INTO `sys_oper_log` VALUES (146, 'иө„дә§жҠҘдҝ®', 2, 'com.ruoyi.asset.controller.AssetRepairController.updateRepairStatus()', 'PUT', 1, 'admin', 'з ”еҸ‘йғЁй—Ё', '/repair/14/2', '127.0.0.1', 'еҶ…зҪ‘IP', '14 \"2\" ', '{\"code\":200,\"msg\":\"дҝ®ж”№з»ҙдҝ®зҠ¶жҖҒжҲҗеҠҹ\"}', 0, NULL, '2026-07-14 19:39:40', 44);
INSERT INTO `sys_oper_log` VALUES (147, 'иө„дә§жҠҘдҝ®', 2, 'com.ruoyi.asset.controller.AssetRepairController.updateRepairStatus()', 'PUT', 1, 'admin', 'з ”еҸ‘йғЁй—Ё', '/repair/17/2', '127.0.0.1', 'еҶ…зҪ‘IP', '17 \"2\" ', '{\"code\":200,\"msg\":\"дҝ®ж”№з»ҙдҝ®зҠ¶жҖҒжҲҗеҠҹ\"}', 0, NULL, '2026-07-14 19:50:13', 31);
INSERT INTO `sys_oper_log` VALUES (148, 'и§’иүІз®ЎзҗҶ', 1, 'com.ruoyi.web.controller.system.SysRoleController.add()', 'POST', 1, 'admin', 'з ”еҸ‘йғЁй—Ё', '/system/role', '127.0.0.1', 'еҶ…зҪ‘IP', '{\"admin\":false,\"createBy\":\"admin\",\"deptCheckStrictly\":true,\"deptIds\":[],\"flag\":false,\"menuCheckStrictly\":true,\"menuIds\":[2000,2008,2064,2100,2065,2066],\"params\":{},\"roleId\":100,\"roleKey\":\"@ss.hasPermi(\'asset:repair:edit\')\",\"roleName\":\"з»ҙдҝ®дәәе‘ҳ\",\"roleSort\":3,\"status\":\"0\"} ', '{\"msg\":\"ж“ҚдҪңжҲҗеҠҹ\",\"code\":200}', 0, NULL, '2026-07-14 19:54:03', 26);
INSERT INTO `sys_oper_log` VALUES (149, 'з”ЁжҲ·з®ЎзҗҶ', 1, 'com.ruoyi.web.controller.system.SysUserController.add()', 'POST', 1, 'admin', 'з ”еҸ‘йғЁй—Ё', '/system/user', '127.0.0.1', 'еҶ…зҪ‘IP', '{\"admin\":false,\"createBy\":\"admin\",\"nickName\":\"жқ°ејҹеёҲеӮ…\",\"params\":{},\"postIds\":[],\"roleIds\":[100],\"sex\":\"0\",\"status\":\"0\",\"userId\":103,\"userName\":\"jiedi\"} ', '{\"msg\":\"ж“ҚдҪңжҲҗеҠҹ\",\"code\":200}', 0, NULL, '2026-07-14 19:56:17', 115);
INSERT INTO `sys_oper_log` VALUES (150, 'дёӘдәәдҝЎжҒҜ', 2, 'com.ruoyi.web.controller.system.SysProfileController.updatePwd()', 'PUT', 1, 'jiedi', NULL, '/system/user/profile/updatePwd', '192.168.0.100', 'еҶ…зҪ‘IP', '{} ', '{\"msg\":\"ж“ҚдҪңжҲҗеҠҹ\",\"code\":200}', 0, NULL, '2026-07-14 19:57:21', 286);
INSERT INTO `sys_oper_log` VALUES (151, 'з”ЁжҲ·еӨҙеғҸ', 2, 'com.ruoyi.web.controller.system.SysProfileController.avatar()', 'POST', 1, 'jiedi', NULL, '/system/user/profile/avatar', '192.168.0.100', 'еҶ…зҪ‘IP', '', '{\"msg\":\"ж“ҚдҪңжҲҗеҠҹ\",\"imgUrl\":\"/profile/avatar/2026/07/14/ec61a7e3ff574beb96d60bfe66e1eb83.jpg\",\"code\":200}', 0, NULL, '2026-07-14 19:59:03', 127);
INSERT INTO `sys_oper_log` VALUES (152, 'дёӘдәәдҝЎжҒҜ', 2, 'com.ruoyi.web.controller.system.SysProfileController.updatePwd()', 'PUT', 1, 'jiedi', NULL, '/system/user/profile/updatePwd', '192.168.0.100', 'еҶ…зҪ‘IP', '{} ', '{\"msg\":\"дҝ®ж”№еҜҶз ҒеӨұиҙҘпјҢж—§еҜҶз Ғй”ҷиҜҜ\",\"code\":500}', 0, NULL, '2026-07-14 19:59:05', 98);
INSERT INTO `sys_oper_log` VALUES (153, 'иө„дә§жҠҘдҝ®', 2, 'com.ruoyi.asset.controller.AssetRepairController.updateRepairStatus()', 'PUT', 1, 'jiedi', NULL, '/repair/16/1', '192.168.0.100', 'еҶ…зҪ‘IP', '16 \"1\" ', '{\"code\":200,\"msg\":\"дҝ®ж”№з»ҙдҝ®зҠ¶жҖҒжҲҗеҠҹ\"}', 0, NULL, '2026-07-14 20:06:19', 38);
INSERT INTO `sys_oper_log` VALUES (154, 'з”ЁжҲ·з®ЎзҗҶ', 2, 'com.ruoyi.web.controller.system.SysUserController.edit()', 'PUT', 1, 'admin', 'з ”еҸ‘йғЁй—Ё', '/system/user', '127.0.0.1', 'еҶ…зҪ‘IP', '{\"admin\":false,\"avatar\":\"\",\"createBy\":\"admin\",\"createTime\":\"2026-07-14 17:17:22\",\"delFlag\":\"0\",\"deptId\":107,\"email\":\"\",\"loginDate\":\"2026-07-14 20:08:06\",\"loginIp\":\"192.168.0.100\",\"nickName\":\"зүӣй©¬\",\"params\":{},\"phonenumber\":\"\",\"postIds\":[3],\"pwdUpdateDate\":\"2026-07-14 17:22:07\",\"roleIds\":[2],\"roles\":[{\"admin\":false,\"dataScope\":\"2\",\"deptCheckStrictly\":false,\"flag\":false,\"menuCheckStrictly\":false,\"params\":{},\"roleId\":2,\"roleKey\":\"common\",\"roleName\":\"жҷ®йҖҡи§’иүІ\",\"roleSort\":2,\"status\":\"0\"}],\"sex\":\"0\",\"status\":\"0\",\"updateBy\":\"admin\",\"updateTime\":\"2026-07-14 17:22:07\",\"userId\":102,\"userName\":\"niuma\"} ', '{\"msg\":\"ж“ҚдҪңжҲҗеҠҹ\",\"code\":200}', 0, NULL, '2026-07-14 20:10:48', 49);
INSERT INTO `sys_oper_log` VALUES (155, 'иҸңеҚ•з®ЎзҗҶ', 2, 'com.ruoyi.web.controller.system.SysMenuController.edit()', 'PUT', 1, 'admin', 'з ”еҸ‘йғЁй—Ё', '/system/menu', '127.0.0.1', 'еҶ…зҪ‘IP', '{\"children\":[],\"component\":\"system/dept/index\",\"createTime\":\"2026-06-11 21:52:01\",\"icon\":\"tree\",\"isCache\":\"0\",\"isFrame\":\"1\",\"menuId\":103,\"menuName\":\"йғЁй—Ёз®ЎзҗҶ\",\"menuType\":\"C\",\"orderNum\":4,\"params\":{},\"parentId\":1,\"path\":\"dept\",\"perms\":\"system:dept:list\",\"query\":\"\",\"routeName\":\"\",\"status\":\"0\",\"updateBy\":\"admin\",\"visible\":\"0\"} ', '{\"msg\":\"ж“ҚдҪңжҲҗеҠҹ\",\"code\":200}', 0, NULL, '2026-07-14 20:11:40', 21);
INSERT INTO `sys_oper_log` VALUES (156, 'йғЁй—Ёз®ЎзҗҶ', 1, 'com.ruoyi.web.controller.system.SysDeptController.add()', 'POST', 1, 'admin', 'з ”еҸ‘йғЁй—Ё', '/system/dept', '127.0.0.1', 'еҶ…зҪ‘IP', '{\"ancestors\":\"0,100,101\",\"children\":[],\"createBy\":\"admin\",\"deptName\":\"з»ҙдҝ®йғЁй—Ё\",\"leader\":\"жқ°ејҹ\",\"orderNum\":6,\"params\":{},\"parentId\":101,\"status\":\"0\"} ', '{\"msg\":\"ж“ҚдҪңжҲҗеҠҹ\",\"code\":200}', 0, NULL, '2026-07-14 20:12:41', 18);
INSERT INTO `sys_oper_log` VALUES (157, 'з”ЁжҲ·з®ЎзҗҶ', 2, 'com.ruoyi.web.controller.system.SysUserController.edit()', 'PUT', 1, 'admin', 'з ”еҸ‘йғЁй—Ё', '/system/user', '127.0.0.1', 'еҶ…зҪ‘IP', '{\"admin\":false,\"avatar\":\"/profile/avatar/2026/07/14/ec61a7e3ff574beb96d60bfe66e1eb83.jpg\",\"createBy\":\"admin\",\"createTime\":\"2026-07-14 19:56:17\",\"delFlag\":\"0\",\"deptId\":200,\"email\":\"\",\"loginDate\":\"2026-07-14 19:57:05\",\"loginIp\":\"192.168.0.100\",\"nickName\":\"жқ°ејҹеёҲеӮ…\",\"params\":{},\"phonenumber\":\"\",\"postIds\":[2],\"pwdUpdateDate\":\"2026-07-14 19:57:20\",\"roleIds\":[100],\"roles\":[{\"admin\":false,\"dataScope\":\"1\",\"deptCheckStrictly\":false,\"flag\":false,\"menuCheckStrictly\":false,\"params\":{},\"roleId\":100,\"roleKey\":\"@ss.hasPermi(\'asset:repair:edit\')\",\"roleName\":\"з»ҙдҝ®дәәе‘ҳ\",\"roleSort\":3,\"status\":\"0\"}],\"sex\":\"0\",\"status\":\"0\",\"updateBy\":\"admin\",\"updateTime\":\"2026-07-14 19:59:03\",\"userId\":103,\"userName\":\"jiedi\"} ', '{\"msg\":\"ж“ҚдҪңжҲҗеҠҹ\",\"code\":200}', 0, NULL, '2026-07-14 20:13:09', 18);
INSERT INTO `sys_oper_log` VALUES (158, 'йғЁй—Ёз®ЎзҗҶ', 1, 'com.ruoyi.web.controller.system.SysDeptController.add()', 'POST', 1, 'admin', 'з ”еҸ‘йғЁй—Ё', '/system/dept', '127.0.0.1', 'еҶ…зҪ‘IP', '{\"ancestors\":\"0,100\",\"children\":[],\"createBy\":\"admin\",\"deptName\":\"и‘ЈдәӢй•ҝеҠһе…¬е®Ө\",\"orderNum\":3,\"params\":{},\"parentId\":100,\"status\":\"0\"} ', '{\"msg\":\"ж“ҚдҪңжҲҗеҠҹ\",\"code\":200}', 0, NULL, '2026-07-14 20:14:19', 9);
INSERT INTO `sys_oper_log` VALUES (159, 'йғЁй—Ёз®ЎзҗҶ', 2, 'com.ruoyi.web.controller.system.SysDeptController.edit()', 'PUT', 1, 'admin', 'з ”еҸ‘йғЁй—Ё', '/system/dept', '127.0.0.1', 'еҶ…зҪ‘IP', '{\"ancestors\":\"0,100\",\"children\":[],\"deptId\":201,\"deptName\":\"жҖ»иЈҒеҠһ\",\"leader\":\"зүӣй©¬\",\"orderNum\":3,\"params\":{},\"parentId\":100,\"parentName\":\"иӢҘдҫқз§‘жҠҖ\",\"status\":\"0\",\"updateBy\":\"admin\"} ', '{\"msg\":\"ж“ҚдҪңжҲҗеҠҹ\",\"code\":200}', 0, NULL, '2026-07-14 20:14:52', 20);
INSERT INTO `sys_oper_log` VALUES (160, 'йғЁй—Ёз®ЎзҗҶ', 1, 'com.ruoyi.web.controller.system.SysDeptController.add()', 'POST', 1, 'admin', 'з ”еҸ‘йғЁй—Ё', '/system/dept', '127.0.0.1', 'еҶ…зҪ‘IP', '{\"ancestors\":\"0,100,201\",\"children\":[],\"createBy\":\"admin\",\"deptName\":\"з§ҳд№ҰеӨ„\",\"leader\":\"зүӣй©¬\",\"orderNum\":0,\"params\":{},\"parentId\":201,\"status\":\"0\"} ', '{\"msg\":\"ж“ҚдҪңжҲҗеҠҹ\",\"code\":200}', 0, NULL, '2026-07-14 20:15:44', 9);
INSERT INTO `sys_oper_log` VALUES (161, 'йғЁй—Ёз®ЎзҗҶ', 2, 'com.ruoyi.web.controller.system.SysDeptController.edit()', 'PUT', 1, 'admin', 'з ”еҸ‘йғЁй—Ё', '/system/dept', '127.0.0.1', 'еҶ…зҪ‘IP', '{\"ancestors\":\"0,100\",\"children\":[],\"deptId\":201,\"deptName\":\"жҖ»иЈҒеҠһ\",\"leader\":\"\",\"orderNum\":3,\"params\":{},\"parentId\":100,\"parentName\":\"иӢҘдҫқз§‘жҠҖ\",\"status\":\"0\",\"updateBy\":\"admin\"} ', '{\"msg\":\"ж“ҚдҪңжҲҗеҠҹ\",\"code\":200}', 0, NULL, '2026-07-14 20:15:54', 22);
INSERT INTO `sys_oper_log` VALUES (162, 'йғЁй—Ёз®ЎзҗҶ', 1, 'com.ruoyi.web.controller.system.SysDeptController.add()', 'POST', 1, 'admin', 'з ”еҸ‘йғЁй—Ё', '/system/dept', '127.0.0.1', 'еҶ…зҪ‘IP', '{\"ancestors\":\"0,100\",\"children\":[],\"createBy\":\"admin\",\"deptName\":\"е®үдҝқйғЁ\",\"leader\":\"жқ°ејҹ\",\"orderNum\":4,\"params\":{},\"parentId\":100,\"status\":\"0\"} ', '{\"msg\":\"ж“ҚдҪңжҲҗеҠҹ\",\"code\":200}', 0, NULL, '2026-07-14 20:16:35', 8);
INSERT INTO `sys_oper_log` VALUES (163, 'йғЁй—Ёз®ЎзҗҶ', 1, 'com.ruoyi.web.controller.system.SysDeptController.add()', 'POST', 1, 'admin', 'з ”еҸ‘йғЁй—Ё', '/system/dept', '127.0.0.1', 'еҶ…зҪ‘IP', '{\"ancestors\":\"0,100,203\",\"children\":[],\"createBy\":\"admin\",\"deptName\":\"дёӯеұӮз®ЎзҗҶ\",\"leader\":\"жқ°ејҹ\",\"orderNum\":0,\"params\":{},\"parentId\":203,\"status\":\"0\"} ', '{\"msg\":\"ж“ҚдҪңжҲҗеҠҹ\",\"code\":200}', 0, NULL, '2026-07-14 20:17:58', 7);
INSERT INTO `sys_oper_log` VALUES (164, 'з”ЁжҲ·з®ЎзҗҶ', 2, 'com.ruoyi.web.controller.system.SysUserController.edit()', 'PUT', 1, 'admin', 'з ”еҸ‘йғЁй—Ё', '/system/user', '127.0.0.1', 'еҶ…зҪ‘IP', '{\"admin\":false,\"avatar\":\"/profile/avatar/2026/07/14/ec61a7e3ff574beb96d60bfe66e1eb83.jpg\",\"createBy\":\"admin\",\"createTime\":\"2026-07-14 19:56:17\",\"delFlag\":\"0\",\"dept\":{\"ancestors\":\"0,100,101\",\"children\":[],\"deptId\":200,\"deptName\":\"з»ҙдҝ®йғЁй—Ё\",\"leader\":\"жқ°ејҹ\",\"orderNum\":6,\"params\":{},\"parentId\":101,\"status\":\"0\"},\"deptId\":200,\"email\":\"\",\"loginDate\":\"2026-07-14 19:57:05\",\"loginIp\":\"192.168.0.100\",\"nickName\":\"з»ҙдҝ®еёҲеӮ…\",\"params\":{},\"phonenumber\":\"\",\"postIds\":[2],\"pwdUpdateDate\":\"2026-07-14 19:57:20\",\"roleIds\":[100],\"roles\":[{\"admin\":false,\"dataScope\":\"1\",\"deptCheckStrictly\":false,\"flag\":false,\"menuCheckStrictly\":false,\"params\":{},\"roleId\":100,\"roleKey\":\"@ss.hasPermi(\'asset:repair:edit\')\",\"roleName\":\"з»ҙдҝ®дәәе‘ҳ\",\"roleSort\":3,\"status\":\"0\"}],\"sex\":\"0\",\"status\":\"0\",\"updateBy\":\"admin\",\"updateTime\":\"2026-07-14 20:13:09\",\"userId\":103,\"userName\":\"jiedi\"} ', '{\"msg\":\"ж“ҚдҪңжҲҗеҠҹ\",\"code\":200}', 0, NULL, '2026-07-14 20:18:32', 19);
INSERT INTO `sys_oper_log` VALUES (165, 'з”ЁжҲ·з®ЎзҗҶ', 2, 'com.ruoyi.web.controller.system.SysUserController.edit()', 'PUT', 1, 'admin', 'з ”еҸ‘йғЁй—Ё', '/system/user', '127.0.0.1', 'еҶ…зҪ‘IP', '{\"admin\":false,\"avatar\":\"/profile/avatar/2026/07/14/ec61a7e3ff574beb96d60bfe66e1eb83.jpg\",\"createBy\":\"admin\",\"createTime\":\"2026-07-14 19:56:17\",\"delFlag\":\"0\",\"dept\":{\"ancestors\":\"0,100,101\",\"children\":[],\"deptId\":200,\"deptName\":\"з»ҙдҝ®йғЁй—Ё\",\"leader\":\"жқ°ејҹ\",\"orderNum\":6,\"params\":{},\"parentId\":101,\"status\":\"0\"},\"deptId\":200,\"email\":\"\",\"loginDate\":\"2026-07-14 19:57:05\",\"loginIp\":\"192.168.0.100\",\"nickName\":\"з»ҙдҝ®жқ°еёҲеӮ…\",\"params\":{},\"phonenumber\":\"\",\"postIds\":[2],\"pwdUpdateDate\":\"2026-07-14 19:57:20\",\"roleIds\":[100],\"roles\":[{\"admin\":false,\"dataScope\":\"1\",\"deptCheckStrictly\":false,\"flag\":false,\"menuCheckStrictly\":false,\"params\":{},\"roleId\":100,\"roleKey\":\"@ss.hasPermi(\'asset:repair:edit\')\",\"roleName\":\"з»ҙдҝ®дәәе‘ҳ\",\"roleSort\":3,\"status\":\"0\"}],\"sex\":\"0\",\"status\":\"0\",\"updateBy\":\"admin\",\"updateTime\":\"2026-07-14 20:18:32\",\"userId\":103,\"userName\":\"jiedi\"} ', '{\"msg\":\"ж“ҚдҪңжҲҗеҠҹ\",\"code\":200}', 0, NULL, '2026-07-14 20:18:54', 19);
INSERT INTO `sys_oper_log` VALUES (166, 'йғЁй—Ёз®ЎзҗҶ', 3, 'com.ruoyi.web.controller.system.SysDeptController.remove()', 'DELETE', 1, 'admin', 'з ”еҸ‘йғЁй—Ё', '/system/dept/204', '127.0.0.1', 'еҶ…зҪ‘IP', '204 ', '{\"msg\":\"ж“ҚдҪңжҲҗеҠҹ\",\"code\":200}', 0, NULL, '2026-07-14 20:20:00', 11);
INSERT INTO `sys_oper_log` VALUES (167, 'з”ЁжҲ·з®ЎзҗҶ', 1, 'com.ruoyi.web.controller.system.SysUserController.add()', 'POST', 1, 'admin', 'з ”еҸ‘йғЁй—Ё', '/system/user', '127.0.0.1', 'еҶ…зҪ‘IP', '{\"admin\":false,\"createBy\":\"admin\",\"deptId\":203,\"nickName\":\"е°Ҹејҹжқ°\",\"params\":{},\"postIds\":[2],\"roleIds\":[2],\"sex\":\"0\",\"status\":\"0\",\"userId\":104,\"userName\":\"xiaodijie\"} ', '{\"msg\":\"ж“ҚдҪңжҲҗеҠҹ\",\"code\":200}', 0, NULL, '2026-07-14 20:20:37', 100);
INSERT INTO `sys_oper_log` VALUES (168, 'з”ЁжҲ·з®ЎзҗҶ', 2, 'com.ruoyi.web.controller.system.SysUserController.edit()', 'PUT', 1, 'admin', 'з ”еҸ‘йғЁй—Ё', '/system/user', '127.0.0.1', 'еҶ…зҪ‘IP', '{\"admin\":false,\"avatar\":\"\",\"createBy\":\"admin\",\"createTime\":\"2026-07-14 17:17:22\",\"delFlag\":\"0\",\"dept\":{\"ancestors\":\"0,100,101\",\"children\":[],\"deptId\":107,\"deptName\":\"иҝҗз»ҙйғЁй—Ё\",\"leader\":\"иӢҘдҫқ\",\"orderNum\":5,\"params\":{},\"parentId\":101,\"status\":\"0\"},\"deptId\":202,\"email\":\"\",\"loginDate\":\"2026-07-14 20:08:06\",\"loginIp\":\"192.168.0.100\",\"nickName\":\"зүӣй©¬\",\"params\":{},\"phonenumber\":\"\",\"postIds\":[3],\"pwdUpdateDate\":\"2026-07-14 17:22:07\",\"remark\":\"и‘ЈдәӢй•ҝз§ҳд№Ұ\",\"roleIds\":[2],\"roles\":[{\"admin\":false,\"dataScope\":\"2\",\"deptCheckStrictly\":false,\"flag\":false,\"menuCheckStrictly\":false,\"params\":{},\"roleId\":2,\"roleKey\":\"common\",\"roleName\":\"жҷ®йҖҡи§’иүІ\",\"roleSort\":2,\"status\":\"0\"}],\"sex\":\"0\",\"status\":\"0\",\"updateBy\":\"admin\",\"updateTime\":\"2026-07-14 20:10:48\",\"userId\":102,\"userName\":\"niuma\"} ', '{\"msg\":\"ж“ҚдҪңжҲҗеҠҹ\",\"code\":200}', 0, NULL, '2026-07-14 20:21:12', 16);
INSERT INTO `sys_oper_log` VALUES (169, 'з”ЁжҲ·з®ЎзҗҶ', 3, 'com.ruoyi.web.controller.system.SysUserController.remove()', 'DELETE', 1, 'admin', 'з ”еҸ‘йғЁй—Ё', '/system/user/104', '127.0.0.1', 'еҶ…зҪ‘IP', '[104] ', '{\"msg\":\"ж“ҚдҪңжҲҗеҠҹ\",\"code\":200}', 0, NULL, '2026-07-14 20:21:35', 12);

-- ----------------------------
-- Table structure for sys_post
-- ----------------------------
DROP TABLE IF EXISTS `sys_post`;
CREATE TABLE `sys_post`  (
  `post_id` bigint NOT NULL AUTO_INCREMENT COMMENT 'еІ—дҪҚID',
  `post_code` varchar(64) CHARACTER SET utf8mb3 COLLATE utf8mb3_general_ci NOT NULL COMMENT 'еІ—дҪҚзј–з Ғ',
  `post_name` varchar(50) CHARACTER SET utf8mb3 COLLATE utf8mb3_general_ci NOT NULL COMMENT 'еІ—дҪҚеҗҚз§°',
  `post_sort` int NOT NULL COMMENT 'жҳҫзӨәйЎәеәҸ',
  `status` char(1) CHARACTER SET utf8mb3 COLLATE utf8mb3_general_ci NOT NULL COMMENT 'зҠ¶жҖҒпјҲ0жӯЈеёё 1еҒңз”Ёпјү',
  `create_by` varchar(64) CHARACTER SET utf8mb3 COLLATE utf8mb3_general_ci NULL DEFAULT '' COMMENT 'еҲӣе»әиҖ…',
  `create_time` datetime NULL DEFAULT NULL COMMENT 'еҲӣе»әж—¶й—ҙ',
  `update_by` varchar(64) CHARACTER SET utf8mb3 COLLATE utf8mb3_general_ci NULL DEFAULT '' COMMENT 'жӣҙж–°иҖ…',
  `update_time` datetime NULL DEFAULT NULL COMMENT 'жӣҙж–°ж—¶й—ҙ',
  `remark` varchar(500) CHARACTER SET utf8mb3 COLLATE utf8mb3_general_ci NULL DEFAULT NULL COMMENT 'еӨҮжіЁ',
  PRIMARY KEY (`post_id`) USING BTREE
) ENGINE = InnoDB AUTO_INCREMENT = 5 CHARACTER SET = utf8mb3 COLLATE = utf8mb3_general_ci COMMENT = 'еІ—дҪҚдҝЎжҒҜиЎЁ' ROW_FORMAT = Dynamic;

-- ----------------------------
-- Records of sys_post
-- ----------------------------
INSERT INTO `sys_post` VALUES (1, 'ceo', 'и‘ЈдәӢй•ҝ', 1, '0', 'admin', '2026-06-11 21:52:01', '', NULL, '');
INSERT INTO `sys_post` VALUES (2, 'se', 'йЎ№зӣ®з»ҸзҗҶ', 2, '0', 'admin', '2026-06-11 21:52:01', '', NULL, '');
INSERT INTO `sys_post` VALUES (3, 'hr', 'дәәеҠӣиө„жәҗ', 3, '0', 'admin', '2026-06-11 21:52:01', '', NULL, '');
INSERT INTO `sys_post` VALUES (4, 'user', 'жҷ®йҖҡе‘ҳе·Ҙ', 4, '0', 'admin', '2026-06-11 21:52:01', '', NULL, '');

-- ----------------------------
-- Table structure for sys_role
-- ----------------------------
DROP TABLE IF EXISTS `sys_role`;
CREATE TABLE `sys_role`  (
  `role_id` bigint NOT NULL AUTO_INCREMENT COMMENT 'и§’иүІID',
  `role_name` varchar(30) CHARACTER SET utf8mb3 COLLATE utf8mb3_general_ci NOT NULL COMMENT 'и§’иүІеҗҚз§°',
  `role_key` varchar(100) CHARACTER SET utf8mb3 COLLATE utf8mb3_general_ci NOT NULL COMMENT 'и§’иүІжқғйҷҗеӯ—з¬ҰдёІ',
  `role_sort` int NOT NULL COMMENT 'жҳҫзӨәйЎәеәҸ',
  `data_scope` char(1) CHARACTER SET utf8mb3 COLLATE utf8mb3_general_ci NULL DEFAULT '1' COMMENT 'ж•°жҚ®иҢғеӣҙпјҲ1пјҡе…ЁйғЁж•°жҚ®жқғйҷҗ 2пјҡиҮӘе®ҡж•°жҚ®жқғйҷҗ 3пјҡжң¬йғЁй—Ёж•°жҚ®жқғйҷҗ 4пјҡжң¬йғЁй—ЁеҸҠд»ҘдёӢж•°жҚ®жқғйҷҗпјү',
  `menu_check_strictly` tinyint(1) NULL DEFAULT 1 COMMENT 'иҸңеҚ•ж ‘йҖүжӢ©йЎ№жҳҜеҗҰе…іиҒ”жҳҫзӨә',
  `dept_check_strictly` tinyint(1) NULL DEFAULT 1 COMMENT 'йғЁй—Ёж ‘йҖүжӢ©йЎ№жҳҜеҗҰе…іиҒ”жҳҫзӨә',
  `del_flag` char(1) CHARACTER SET utf8mb3 COLLATE utf8mb3_general_ci NULL DEFAULT '0' COMMENT 'еҲ йҷӨж Үеҝ—пјҲ0д»ЈиЎЁеӯҳеңЁ 2д»ЈиЎЁеҲ йҷӨпјү',
  `status` char(1) CHARACTER SET utf8mb3 COLLATE utf8mb3_general_ci NOT NULL COMMENT 'и§’иүІзҠ¶жҖҒпјҲ0жӯЈеёё 1еҒңз”Ёпјү',
  `create_by` varchar(64) CHARACTER SET utf8mb3 COLLATE utf8mb3_general_ci NULL DEFAULT '' COMMENT 'еҲӣе»әиҖ…',
  `create_time` datetime NULL DEFAULT NULL COMMENT 'еҲӣе»әж—¶й—ҙ',
  `update_by` varchar(64) CHARACTER SET utf8mb3 COLLATE utf8mb3_general_ci NULL DEFAULT '' COMMENT 'жӣҙж–°иҖ…',
  `update_time` datetime NULL DEFAULT NULL COMMENT 'жӣҙж–°ж—¶й—ҙ',
  `remark` varchar(500) CHARACTER SET utf8mb3 COLLATE utf8mb3_general_ci NULL DEFAULT NULL COMMENT 'еӨҮжіЁ',
  PRIMARY KEY (`role_id`) USING BTREE
) ENGINE = InnoDB AUTO_INCREMENT = 101 CHARACTER SET = utf8mb3 COLLATE = utf8mb3_general_ci COMMENT = 'и§’иүІдҝЎжҒҜиЎЁ' ROW_FORMAT = Dynamic;

-- ----------------------------
-- Records of sys_role
-- ----------------------------
INSERT INTO `sys_role` VALUES (1, 'и¶…зә§з®ЎзҗҶе‘ҳ', 'admin', 1, '1', 1, 1, '0', '0', 'admin', '2026-06-11 21:52:01', '', NULL, 'и¶…зә§з®ЎзҗҶе‘ҳ');
INSERT INTO `sys_role` VALUES (2, 'жҷ®йҖҡи§’иүІ', 'common', 2, '2', 1, 1, '0', '0', 'admin', '2026-06-11 21:52:01', 'admin', '2026-06-13 22:11:40', 'жҷ®йҖҡи§’иүІ');
INSERT INTO `sys_role` VALUES (100, 'з»ҙдҝ®дәәе‘ҳ', '@ss.hasPermi(\'asset:repair:edit\')', 3, '1', 1, 1, '0', '0', 'admin', '2026-07-14 19:54:03', '', NULL, NULL);

-- ----------------------------
-- Table structure for sys_role_dept
-- ----------------------------
DROP TABLE IF EXISTS `sys_role_dept`;
CREATE TABLE `sys_role_dept`  (
  `role_id` bigint NOT NULL COMMENT 'и§’иүІID',
  `dept_id` bigint NOT NULL COMMENT 'йғЁй—ЁID',
  PRIMARY KEY (`role_id`, `dept_id`) USING BTREE
) ENGINE = InnoDB CHARACTER SET = utf8mb3 COLLATE = utf8mb3_general_ci COMMENT = 'и§’иүІе’ҢйғЁй—Ёе…іиҒ”иЎЁ' ROW_FORMAT = Dynamic;

-- ----------------------------
-- Records of sys_role_dept
-- ----------------------------
INSERT INTO `sys_role_dept` VALUES (2, 100);
INSERT INTO `sys_role_dept` VALUES (2, 101);
INSERT INTO `sys_role_dept` VALUES (2, 105);

-- ----------------------------
-- Table structure for sys_role_menu
-- ----------------------------
DROP TABLE IF EXISTS `sys_role_menu`;
CREATE TABLE `sys_role_menu`  (
  `role_id` bigint NOT NULL COMMENT 'и§’иүІID',
  `menu_id` bigint NOT NULL COMMENT 'иҸңеҚ•ID',
  PRIMARY KEY (`role_id`, `menu_id`) USING BTREE
) ENGINE = InnoDB CHARACTER SET = utf8mb3 COLLATE = utf8mb3_general_ci COMMENT = 'и§’иүІе’ҢиҸңеҚ•е…іиҒ”иЎЁ' ROW_FORMAT = Dynamic;

-- ----------------------------
-- Records of sys_role_menu
-- ----------------------------
INSERT INTO `sys_role_menu` VALUES (2, 2000);
INSERT INTO `sys_role_menu` VALUES (2, 2001);
INSERT INTO `sys_role_menu` VALUES (2, 2002);
INSERT INTO `sys_role_menu` VALUES (2, 2003);
INSERT INTO `sys_role_menu` VALUES (2, 2004);
INSERT INTO `sys_role_menu` VALUES (2, 2005);
INSERT INTO `sys_role_menu` VALUES (2, 2007);
INSERT INTO `sys_role_menu` VALUES (2, 2008);
INSERT INTO `sys_role_menu` VALUES (2, 2017);
INSERT INTO `sys_role_menu` VALUES (2, 2018);
INSERT INTO `sys_role_menu` VALUES (2, 2024);
INSERT INTO `sys_role_menu` VALUES (2, 2025);
INSERT INTO `sys_role_menu` VALUES (2, 2026);
INSERT INTO `sys_role_menu` VALUES (2, 2030);
INSERT INTO `sys_role_menu` VALUES (2, 2031);
INSERT INTO `sys_role_menu` VALUES (2, 2032);
INSERT INTO `sys_role_menu` VALUES (2, 2038);
INSERT INTO `sys_role_menu` VALUES (2, 2039);
INSERT INTO `sys_role_menu` VALUES (2, 2040);
INSERT INTO `sys_role_menu` VALUES (2, 2046);
INSERT INTO `sys_role_menu` VALUES (2, 2047);
INSERT INTO `sys_role_menu` VALUES (2, 2048);
INSERT INTO `sys_role_menu` VALUES (2, 2049);
INSERT INTO `sys_role_menu` VALUES (2, 2050);
INSERT INTO `sys_role_menu` VALUES (2, 2051);
INSERT INTO `sys_role_menu` VALUES (2, 2052);
INSERT INTO `sys_role_menu` VALUES (2, 2053);
INSERT INTO `sys_role_menu` VALUES (2, 2054);
INSERT INTO `sys_role_menu` VALUES (2, 2059);
INSERT INTO `sys_role_menu` VALUES (2, 2060);
INSERT INTO `sys_role_menu` VALUES (2, 2061);
INSERT INTO `sys_role_menu` VALUES (2, 2062);
INSERT INTO `sys_role_menu` VALUES (2, 2063);
INSERT INTO `sys_role_menu` VALUES (2, 2064);
INSERT INTO `sys_role_menu` VALUES (2, 2065);
INSERT INTO `sys_role_menu` VALUES (2, 2066);
INSERT INTO `sys_role_menu` VALUES (100, 2000);
INSERT INTO `sys_role_menu` VALUES (100, 2008);
INSERT INTO `sys_role_menu` VALUES (100, 2064);
INSERT INTO `sys_role_menu` VALUES (100, 2065);
INSERT INTO `sys_role_menu` VALUES (100, 2066);
INSERT INTO `sys_role_menu` VALUES (100, 2100);

-- ----------------------------
-- Table structure for sys_user
-- ----------------------------
DROP TABLE IF EXISTS `sys_user`;
CREATE TABLE `sys_user`  (
  `user_id` bigint NOT NULL AUTO_INCREMENT COMMENT 'з”ЁжҲ·ID',
  `dept_id` bigint NULL DEFAULT NULL COMMENT 'йғЁй—ЁID',
  `user_name` varchar(30) CHARACTER SET utf8mb3 COLLATE utf8mb3_general_ci NOT NULL COMMENT 'з”ЁжҲ·иҙҰеҸ·',
  `nick_name` varchar(30) CHARACTER SET utf8mb3 COLLATE utf8mb3_general_ci NOT NULL COMMENT 'з”ЁжҲ·жҳөз§°',
  `user_type` varchar(2) CHARACTER SET utf8mb3 COLLATE utf8mb3_general_ci NULL DEFAULT '00' COMMENT 'з”ЁжҲ·зұ»еһӢпјҲ00зі»з»ҹз”ЁжҲ·пјү',
  `email` varchar(50) CHARACTER SET utf8mb3 COLLATE utf8mb3_general_ci NULL DEFAULT '' COMMENT 'з”ЁжҲ·йӮ®з®ұ',
  `phonenumber` varchar(11) CHARACTER SET utf8mb3 COLLATE utf8mb3_general_ci NULL DEFAULT '' COMMENT 'жүӢжңәеҸ·з Ғ',
  `sex` char(1) CHARACTER SET utf8mb3 COLLATE utf8mb3_general_ci NULL DEFAULT '0' COMMENT 'з”ЁжҲ·жҖ§еҲ«пјҲ0з”· 1еҘі 2жңӘзҹҘпјү',
  `avatar` varchar(100) CHARACTER SET utf8mb3 COLLATE utf8mb3_general_ci NULL DEFAULT '' COMMENT 'еӨҙеғҸең°еқҖ',
  `password` varchar(100) CHARACTER SET utf8mb3 COLLATE utf8mb3_general_ci NULL DEFAULT '' COMMENT 'еҜҶз Ғ',
  `status` char(1) CHARACTER SET utf8mb3 COLLATE utf8mb3_general_ci NULL DEFAULT '0' COMMENT 'иҙҰеҸ·зҠ¶жҖҒпјҲ0жӯЈеёё 1еҒңз”Ёпјү',
  `del_flag` char(1) CHARACTER SET utf8mb3 COLLATE utf8mb3_general_ci NULL DEFAULT '0' COMMENT 'еҲ йҷӨж Үеҝ—пјҲ0д»ЈиЎЁеӯҳеңЁ 2д»ЈиЎЁеҲ йҷӨпјү',
  `login_ip` varchar(128) CHARACTER SET utf8mb3 COLLATE utf8mb3_general_ci NULL DEFAULT '' COMMENT 'жңҖеҗҺзҷ»еҪ•IP',
  `login_date` datetime NULL DEFAULT NULL COMMENT 'жңҖеҗҺзҷ»еҪ•ж—¶й—ҙ',
  `pwd_update_date` datetime NULL DEFAULT NULL COMMENT 'еҜҶз ҒжңҖеҗҺжӣҙж–°ж—¶й—ҙ',
  `create_by` varchar(64) CHARACTER SET utf8mb3 COLLATE utf8mb3_general_ci NULL DEFAULT '' COMMENT 'еҲӣе»әиҖ…',
  `create_time` datetime NULL DEFAULT NULL COMMENT 'еҲӣе»әж—¶й—ҙ',
  `update_by` varchar(64) CHARACTER SET utf8mb3 COLLATE utf8mb3_general_ci NULL DEFAULT '' COMMENT 'жӣҙж–°иҖ…',
  `update_time` datetime NULL DEFAULT NULL COMMENT 'жӣҙж–°ж—¶й—ҙ',
  `remark` varchar(500) CHARACTER SET utf8mb3 COLLATE utf8mb3_general_ci NULL DEFAULT NULL COMMENT 'еӨҮжіЁ',
  PRIMARY KEY (`user_id`) USING BTREE
) ENGINE = InnoDB AUTO_INCREMENT = 105 CHARACTER SET = utf8mb3 COLLATE = utf8mb3_general_ci COMMENT = 'з”ЁжҲ·дҝЎжҒҜиЎЁ' ROW_FORMAT = Dynamic;

-- ----------------------------
-- Records of sys_user
-- ----------------------------
INSERT INTO `sys_user` VALUES (1, 103, 'admin', 'иӢҘдҫқ', '00', 'ry@163.com', '15888888888', '1', '', '$2a$10$7JB720yubVSZvUI0rEqK/.VqGOZTH.ulu33dHOiBE8ByOhJIrdAu2', '0', '0', '127.0.0.1', '2026-07-14 19:22:26', '2026-06-11 21:52:01', 'admin', '2026-06-11 21:52:01', '', NULL, 'з®ЎзҗҶе‘ҳ');
INSERT INTO `sys_user` VALUES (2, 105, 'dyx', 'йӮ“ж°ёй‘«', '00', 'dyx@qq.com', '15666666666', '0', '/profile/avatar/2026/07/14/67e9019f87a742fd978ea1f8b79b942c.jpg', '$2a$10$7JB720yubVSZvUI0rEqK/.VqGOZTH.ulu33dHOiBE8ByOhJIrdAu2', '0', '0', '192.168.0.100', '2026-07-14 19:23:03', '2026-06-11 21:52:01', 'admin', '2026-06-11 21:52:01', '', '2026-07-14 00:28:11', 'жөӢиҜ•е‘ҳ');
INSERT INTO `sys_user` VALUES (102, 202, 'niuma', 'зүӣй©¬', '00', '', '', '0', '', '$2a$10$YxXvW89cdxvL9SlNAi2inOAAn0q4uSIaWq.IVgouk29K3pPpj02gK', '0', '0', '192.168.0.100', '2026-07-14 20:08:06', '2026-07-14 17:22:07', 'admin', '2026-07-14 17:17:22', 'admin', '2026-07-14 20:21:12', 'и‘ЈдәӢй•ҝз§ҳд№Ұ');
INSERT INTO `sys_user` VALUES (103, 200, 'jiedi', 'з»ҙдҝ®жқ°еёҲеӮ…', '00', '', '', '0', '/profile/avatar/2026/07/14/ec61a7e3ff574beb96d60bfe66e1eb83.jpg', '$2a$10$nmfZpdacbskOXClWE1ag4uJuOgPr2KhBUL0ssO5UBe9hZb/HNJTuu', '0', '0', '192.168.0.100', '2026-07-14 19:57:05', '2026-07-14 19:57:20', 'admin', '2026-07-14 19:56:17', 'admin', '2026-07-14 20:18:54', NULL);
INSERT INTO `sys_user` VALUES (104, 203, 'xiaodijie', 'е°Ҹејҹжқ°', '00', '', '', '0', '', '$2a$10$s1d7PF8lEVqKZh1ZY27Zb.HaYhj8pwpvOteCZ3cyVG5/BEs4uP72.', '0', '2', '', NULL, NULL, 'admin', '2026-07-14 20:20:37', '', NULL, NULL);

-- ----------------------------
-- Table structure for sys_user_post
-- ----------------------------
DROP TABLE IF EXISTS `sys_user_post`;
CREATE TABLE `sys_user_post`  (
  `user_id` bigint NOT NULL COMMENT 'з”ЁжҲ·ID',
  `post_id` bigint NOT NULL COMMENT 'еІ—дҪҚID',
  PRIMARY KEY (`user_id`, `post_id`) USING BTREE
) ENGINE = InnoDB CHARACTER SET = utf8mb3 COLLATE = utf8mb3_general_ci COMMENT = 'з”ЁжҲ·дёҺеІ—дҪҚе…іиҒ”иЎЁ' ROW_FORMAT = Dynamic;

-- ----------------------------
-- Records of sys_user_post
-- ----------------------------
INSERT INTO `sys_user_post` VALUES (1, 1);
INSERT INTO `sys_user_post` VALUES (2, 2);
INSERT INTO `sys_user_post` VALUES (102, 3);
INSERT INTO `sys_user_post` VALUES (103, 2);

-- ----------------------------
-- Table structure for sys_user_role
-- ----------------------------
DROP TABLE IF EXISTS `sys_user_role`;
CREATE TABLE `sys_user_role`  (
  `user_id` bigint NOT NULL COMMENT 'з”ЁжҲ·ID',
  `role_id` bigint NOT NULL COMMENT 'и§’иүІID',
  PRIMARY KEY (`user_id`, `role_id`) USING BTREE
) ENGINE = InnoDB CHARACTER SET = utf8mb3 COLLATE = utf8mb3_general_ci COMMENT = 'з”ЁжҲ·е’Ңи§’иүІе…іиҒ”иЎЁ' ROW_FORMAT = Dynamic;

-- ----------------------------
-- Records of sys_user_role
-- ----------------------------
INSERT INTO `sys_user_role` VALUES (1, 1);
INSERT INTO `sys_user_role` VALUES (2, 2);
INSERT INTO `sys_user_role` VALUES (102, 2);
INSERT INTO `sys_user_role` VALUES (103, 100);

SET FOREIGN_KEY_CHECKS = 1;
